"Pong",1972,"https://www.mobygames.com/game/pong____",13,60.00
"Breakout",1976,"https://www.mobygames.com/game/breakout_",25,66.00
"Night Driver",1976,"https://www.mobygames.com/game/night-driver",21,48.00
"Videocart-1: Tic-Tac-Toe, Shooting Gallery, Doodle, Quadra-Doodle",1976,"https://www.mobygames.com/game/videocart-1-tic-tac-toe-shooting-gallery-doodle-quadra-doodle",13,48.00
"Videocart-2: Desert Fox, Shooting Gallery",1976,"https://www.mobygames.com/game/videocart-2-desert-fox-shooting-gallery",12,46.00
"Videocart-3: Video Blackjack",1976,"https://www.mobygames.com/game/videocart-3-video-blackjack",11,46.00
"Air-Sea Battle",1977,"https://www.mobygames.com/game/air-sea-battle",22,50.00
"Basic Math",1977,"https://www.mobygames.com/game/basic-math",21,38.00
"Blackjack",1977,"https://www.mobygames.com/game/blackjack_",10,32.00
"Canyon Bomber",1977,"https://www.mobygames.com/game/canyon-bomber",15,44.00
"Combat",1977,"https://www.mobygames.com/game/combat-",40,60.00
"Indy 500",1977,"https://www.mobygames.com/game/indy-500",23,56.00
"Miniature Golf",1977,"https://www.mobygames.com/game/miniature-golf",12,34.00
"Star Ship",1977,"https://www.mobygames.com/game/star-ship",17,40.00
"Street Racer",1977,"https://www.mobygames.com/game/street-racer_",15,28.00
"Surround",1977,"https://www.mobygames.com/game/surround",16,48.00
"Video Olympics",1977,"https://www.mobygames.com/game/video-olympics",17,52.00
"Adventureland",1978,"https://www.mobygames.com/game/adventureland",29,56.00
"Basketball",1978,"https://www.mobygames.com/game/basketball",29,54.00
"Beneath Apple Manor",1978,"https://www.mobygames.com/game/beneath-apple-manor",22,58.00
"Bowling",1978,"https://www.mobygames.com/game/bowling",19,50.00
"Codebreaker",1978,"https://www.mobygames.com/game/codebreaker",11,32.00
"Computer Golf!",1978,"https://www.mobygames.com/game/computer-golf",10,48.00
"Flag Capture",1978,"https://www.mobygames.com/game/flag-capture",11,30.00
"Football",1978,"https://www.mobygames.com/game/football_",12,34.00
"Hangman",1978,"https://www.mobygames.com/game/hangman",11,34.00
"Home Run",1978,"https://www.mobygames.com/game/home-run",12,30.00
"Human Cannonball",1978,"https://www.mobygames.com/game/human-cannonball",11,42.00
"Outlaw",1978,"https://www.mobygames.com/game/outlaw",25,48.00
"Pirate Adventure",1978,"https://www.mobygames.com/game/pirate-adventure",24,58.00
"Sargon II",1978,"https://www.mobygames.com/game/sargon-ii",18,70.00
"Skydiver",1978,"https://www.mobygames.com/game/skydiver",15,56.00
"Slot Racers",1978,"https://www.mobygames.com/game/slot-racers",14,44.00
"Space Invaders",1978,"https://www.mobygames.com/game/space-invaders________",117,74.00
"Space War",1978,"https://www.mobygames.com/game/space-war___",12,30.00
"Super Breakout",1978,"https://www.mobygames.com/game/super-breakout",20,66.00
"Superman",1978,"https://www.mobygames.com/game/superman",20,62.00
"3-D Tic-Tac-Toe",1979,"https://www.mobygames.com/game/3-d-tic-tac-toe",32,48.00
"Armor Battle",1979,"https://www.mobygames.com/game/armor-battle",21,58.00
"Asteroids",1979,"https://www.mobygames.com/game/asteroids_",90,68.00
"Auto Racing",1979,"https://www.mobygames.com/game/auto-racing",10,64.00
"Dunjonquest: Temple of Apshai",1979,"https://www.mobygames.com/game/dunjonquest-temple-of-apshai",10,60.00
"Galaxian",1979,"https://www.mobygames.com/game/galaxian",126,72.00
"Las Vegas Poker & Blackjack",1979,"https://www.mobygames.com/game/las-vegas-poker-blackjack",11,62.00
"Lemonade Stand",1979,"https://www.mobygames.com/game/lemonade-stand",12,72.00
"Microsoft Adventure",1979,"https://www.mobygames.com/game/microsoft-adventure",16,62.00
"Space Battle",1979,"https://www.mobygames.com/game/space-battle",19,50.00
"Star Raiders",1979,"https://www.mobygames.com/game/star-raiders",57,68.00
"Video Pinball",1979,"https://www.mobygames.com/game/video-pinball",14,60.00
"The Wizard's Castle",1979,"https://www.mobygames.com/game/wizards-castle",12,50.00
"Adventure",1980,"https://www.mobygames.com/game/adventure",57,72.00
"Akalabeth: World of Doom",1980,"https://www.mobygames.com/game/akalabeth-world-of-doom",38,56.00
"Battlezone",1980,"https://www.mobygames.com/game/battlezone_",42,70.00
"Berzerk",1980,"https://www.mobygames.com/game/berzerk",50,70.00
"Boxing",1980,"https://www.mobygames.com/game/boxing",29,56.00
"Carnival",1980,"https://www.mobygames.com/game/carnival",15,64.00
"Circus Atari",1980,"https://www.mobygames.com/game/circus-atari",19,58.00
"Dodge 'Em",1980,"https://www.mobygames.com/game/dodge-em",17,62.00
"Dragster",1980,"https://www.mobygames.com/game/dragster",15,52.00
"Fishing Derby",1980,"https://www.mobygames.com/game/fishing-derby",15,74.00
"Golf",1980,"https://www.mobygames.com/game/golf_",11,44.00
"Hi-Res Adventure #0: Mission Asteroid",1980,"https://www.mobygames.com/game/hi-res-adventure-0-mission-asteroid",17,78.00
"Hi-Res Adventure #1: Mystery House",1980,"https://www.mobygames.com/game/hi-res-adventure-1-mystery-house",17,68.00
"Hi-Res Adventure #2: The Wizard and the Princess",1980,"https://www.mobygames.com/game/hi-res-adventure-2-the-wizard-and-the-princess",29,72.00
"Maze Craze: A Game of Cops 'n Robbers",1980,"https://www.mobygames.com/game/maze-craze-a-game-of-cops-n-robbers",14,62.00
"Missile Command",1980,"https://www.mobygames.com/game/missile-command_",48,74.00
"Olympic Decathlon",1980,"https://www.mobygames.com/game/olympic-decathlon",12,70.00
"Pac-Man",1980,"https://www.mobygames.com/game/pac-man",364,76.00
"Phoenix",1980,"https://www.mobygames.com/game/phoenix_",23,72.00
"Rogue",1980,"https://www.mobygames.com/game/rogue",62,70.00
"Skiing",1980,"https://www.mobygames.com/game/skiing",10,58.00
"Wizard of Wor",1980,"https://www.mobygames.com/game/wizard-of-wor",26,72.00
"Zork: The Great Underground Empire",1980,"https://www.mobygames.com/game/zork-the-great-underground-empire",167,70.00
"Ali Baba and the Forty Thieves",1981,"https://www.mobygames.com/game/ali-baba-and-the-forty-thieves",10,70.00
"Amidar",1981,"https://www.mobygames.com/game/amidar",14,60.00
"Apple Panic",1981,"https://www.mobygames.com/game/apple-panic",16,66.00
"Astrosmash",1981,"https://www.mobygames.com/game/astrosmash",24,70.00
"Castle Wolfenstein",1981,"https://www.mobygames.com/game/castle-wolfenstein",47,70.00
"Centipede",1981,"https://www.mobygames.com/game/centipede_",111,72.00
"Crossfire",1981,"https://www.mobygames.com/game/crossfire",21,70.00
"Crush, Crumble and Chomp!",1981,"https://www.mobygames.com/game/crush-crumble-and-chomp",12,64.00
"David's Midnight Magic",1981,"https://www.mobygames.com/game/davids-midnight-magic",11,74.00
"Defender",1981,"https://www.mobygames.com/game/defender",123,76.00
"The Demon's Forge",1981,"https://www.mobygames.com/game/demons-forge",27,38.00
"Donkey Kong",1981,"https://www.mobygames.com/game/donkey-kong",269,68.00
"Freeway",1981,"https://www.mobygames.com/game/freeway",23,62.00
"Frogger",1981,"https://www.mobygames.com/game/frogger",150,76.00
"Galaga",1981,"https://www.mobygames.com/game/galaga",73,74.00
"Galaxy",1981,"https://www.mobygames.com/game/galaxy",17,66.00
"Gorf",1981,"https://www.mobygames.com/game/gorf",22,68.00
"Haunted House",1981,"https://www.mobygames.com/game/haunted-house",25,66.00
"Hi-Res Adventure #4: Ulysses and the Golden Fleece",1981,"https://www.mobygames.com/game/hi-res-adventure-4-ulysses-and-the-golden-fleece",22,78.00
"Ice Hockey",1981,"https://www.mobygames.com/game/ice-hockey_",10,64.00
"Kaboom!",1981,"https://www.mobygames.com/game/kaboom",37,68.00
"Lady Bug",1981,"https://www.mobygames.com/game/lady-bug",10,76.00
"Laser Blast",1981,"https://www.mobygames.com/game/laser-blast",16,50.00
"Lock 'n' Chase",1981,"https://www.mobygames.com/game/lock-n-chase",20,64.00
"Mouse Trap",1981,"https://www.mobygames.com/game/mouse-trap",10,60.00
"QIX",1981,"https://www.mobygames.com/game/qix",60,72.00
"Scramble",1981,"https://www.mobygames.com/game/scramble",16,68.00
"Softporn Adventure",1981,"https://www.mobygames.com/game/softporn-adventure",19,62.00
"Stampede",1981,"https://www.mobygames.com/game/stampede",16,66.00
"Stargate",1981,"https://www.mobygames.com/game/stargate",24,68.00
"Super Cobra",1981,"https://www.mobygames.com/game/super-cobra",27,72.00
"Tempest",1981,"https://www.mobygames.com/game/tempest",22,62.00
"Tennis",1981,"https://www.mobygames.com/game/tennis___",11,48.00
"Ultima",1981,"https://www.mobygames.com/game/ultima",26,76.00
"Utopia",1981,"https://www.mobygames.com/game/utopia-",13,68.00
"Vanguard",1981,"https://www.mobygames.com/game/vanguard",22,78.00
"Venture",1981,"https://www.mobygames.com/game/venture",18,68.00
"Warlords",1981,"https://www.mobygames.com/game/warlords_",14,62.00
"Wizardry: Proving Grounds of the Mad Overlord",1981,"https://www.mobygames.com/game/wizardry-proving-grounds-of-the-mad-overlord",92,72.00
"Yars' Revenge",1981,"https://www.mobygames.com/game/yars-revenge",47,74.00
"Zork II: The Wizard of Frobozz",1981,"https://www.mobygames.com/game/zork-ii-the-wizard-of-frobozz",83,68.00
"3D Tanx",1982,"https://www.mobygames.com/game/3d-tanx",13,54.00
"Advanced Dungeons & Dragons Cartridge",1982,"https://www.mobygames.com/game/advanced-dungeons-dragons-cartridge",18,68.00
"Alien",1982,"https://www.mobygames.com/game/alien___",10,50.00
"Atlantis",1982,"https://www.mobygames.com/game/atlantis",31,70.00
"Barnstorming",1982,"https://www.mobygames.com/game/barnstorming",15,62.00
"Buck Rogers: Planet of Zoom",1982,"https://www.mobygames.com/game/buck-rogers-planet-of-zoom",62,64.00
"Bump 'N' Jump",1982,"https://www.mobygames.com/game/bump-n-jump",15,70.00
"BurgerTime",1982,"https://www.mobygames.com/game/burgertime",123,72.00
"Choplifter!",1982,"https://www.mobygames.com/game/choplifter",74,74.00
"Chopper Command",1982,"https://www.mobygames.com/game/chopper-command",15,78.00
"Cosmic Ark",1982,"https://www.mobygames.com/game/cosmic-ark",20,72.00
"Cosmic Crusader",1982,"https://www.mobygames.com/game/cosmic-crusader",14,70.00
"Deadline",1982,"https://www.mobygames.com/game/deadline",47,76.00
"Demon Attack",1982,"https://www.mobygames.com/game/demon-attack",87,74.00
"Dig Dug",1982,"https://www.mobygames.com/game/dig-dug",242,74.00
"Donkey Kong Junior",1982,"https://www.mobygames.com/game/donkey-kong-junior",111,66.00
"Dragonfire",1982,"https://www.mobygames.com/game/dragonfire",18,74.00
"E.T. The Extra-Terrestrial",1982,"https://www.mobygames.com/game/et-the-extra-terrestrial_",126,26.00
"Executive Suite",1982,"https://www.mobygames.com/game/executive-suite",17,76.00
"Floppy Frenzy",1982,"https://www.mobygames.com/game/floppy-frenzy",11,54.00
"Frog Bog",1982,"https://www.mobygames.com/game/frog-bog",18,72.00
"Front Line",1982,"https://www.mobygames.com/game/front-line",14,64.00
"Grand Prix",1982,"https://www.mobygames.com/game/grand-prix",11,62.00
"Gravitar",1982,"https://www.mobygames.com/game/gravitar",10,58.00
"The Hobbit",1982,"https://www.mobygames.com/game/hobbit",31,68.00
"Journey Escape",1982,"https://www.mobygames.com/game/journey-escape",10,58.00
"Joust",1982,"https://www.mobygames.com/game/joust",98,70.00
"Jungle Hunt",1982,"https://www.mobygames.com/game/jungle-hunt",64,72.00
"Kangaroo",1982,"https://www.mobygames.com/game/kangaroo",15,58.00
"Megamania",1982,"https://www.mobygames.com/game/megamania",11,68.00
"Microsurgeon",1982,"https://www.mobygames.com/game/microsurgeon",13,90.00
"Millipede",1982,"https://www.mobygames.com/game/millipede",18,60.00
"Miner 2049er",1982,"https://www.mobygames.com/game/miner-2049er",45,78.00
"Moon Patrol",1982,"https://www.mobygames.com/game/moon-patrol",61,70.00
"Mr. Do!",1982,"https://www.mobygames.com/game/mr-do",31,70.00
"Ms. Pac-Man",1982,"https://www.mobygames.com/game/ms-pac-man",270,70.00
"Night Mission Pinball",1982,"https://www.mobygames.com/game/night-mission-pinball",26,70.00
"Night Stalker",1982,"https://www.mobygames.com/game/night-stalker",19,68.00
"Novatron",1982,"https://www.mobygames.com/game/novatron",11,52.00
"Paratrooper",1982,"https://www.mobygames.com/game/paratrooper",11,62.00
"PC-Man",1982,"https://www.mobygames.com/game/pc-man",11,74.00
"Pengo",1982,"https://www.mobygames.com/game/pengo",18,64.00
"Pinball Construction Set",1982,"https://www.mobygames.com/game/pinball-construction-set",20,76.00
"Pitfall!",1982,"https://www.mobygames.com/game/pitfall",117,78.00
"Pole Position",1982,"https://www.mobygames.com/game/pole-position",77,72.00
"Pooyan",1982,"https://www.mobygames.com/game/pooyan",20,62.00
"Popeye",1982,"https://www.mobygames.com/game/popeye",110,66.00
"Q*bert",1982,"https://www.mobygames.com/game/qbert",88,68.00
"Raiders of the Lost Ark",1982,"https://www.mobygames.com/game/raiders-of-the-lost-ark",19,54.00
"River Raid",1982,"https://www.mobygames.com/game/river-raid",99,72.00
"Robotron: 2084",1982,"https://www.mobygames.com/game/robotron-2084",59,72.00
"Sea Dragon",1982,"https://www.mobygames.com/game/sea-dragon",10,76.00
"Shamus",1982,"https://www.mobygames.com/game/shamus",12,72.00
"Smurf: Rescue in Gargamel's Castle",1982,"https://www.mobygames.com/game/smurf-rescue-in-gargamels-castle",33,78.00
"Snack Attack II",1982,"https://www.mobygames.com/game/snack-attack-ii",10,66.00
"Sneak 'n Peek",1982,"https://www.mobygames.com/game/sneak-n-peek",13,32.00
"Soko-Ban",1982,"https://www.mobygames.com/game/soko-ban",25,82.00
"Spider-Man",1982,"https://www.mobygames.com/game/spider-man_",11,70.00
"Starcross",1982,"https://www.mobygames.com/game/starcross",48,66.00
"Star Wars: The Empire Strikes Back",1982,"https://www.mobygames.com/game/star-wars-the-empire-strikes-back_",32,74.00
"Strip Poker: A Sizzling Game of Chance",1982,"https://www.mobygames.com/game/strip-poker-a-sizzling-game-of-chance",34,66.00
"Super Pac-Man",1982,"https://www.mobygames.com/game/super-pac-man",17,80.00
"SwordQuest: EarthWorld",1982,"https://www.mobygames.com/game/swordquest-earthworld",17,28.00
"Telengard",1982,"https://www.mobygames.com/game/telengard",15,68.00
"Time Pilot",1982,"https://www.mobygames.com/game/time-pilot",36,68.00
"Transylvania",1982,"https://www.mobygames.com/game/transylvania",10,76.00
"TRON: Deadly Discs",1982,"https://www.mobygames.com/game/tron-deadly-discs",24,68.00
"Tutankham",1982,"https://www.mobygames.com/game/tutankham",12,70.00
"Ultima II: The Revenge of the Enchantress...",1982,"https://www.mobygames.com/game/ultima-ii-the-revenge-of-the-enchantress",106,78.00
"Wizardry: Knight of Diamonds - The Second Scenario",1982,"https://www.mobygames.com/game/wizardry-knight-of-diamonds-the-second-scenario",65,68.00
"Xevious",1982,"https://www.mobygames.com/game/xevious",69,82.00
"Zaxxon",1982,"https://www.mobygames.com/game/zaxxon",95,78.00
"Zork III: The Dungeon Master",1982,"https://www.mobygames.com/game/zork-iii-the-dungeon-master",102,72.00
"10-Yard Fight",1983,"https://www.mobygames.com/game/10-yard-fight_",42,44.00
"3-Demon",1983,"https://www.mobygames.com/game/3-demon",17,60.00
"The Activision Decathlon",1983,"https://www.mobygames.com/game/activision-decathlon",26,68.00
"Adventures in Math",1983,"https://www.mobygames.com/game/adventures-in-math",11,56.00
"Adventures of TRON",1983,"https://www.mobygames.com/game/adventures-of-tron",11,62.00
"Alley Cat",1983,"https://www.mobygames.com/game/alley-cat",102,78.00
"Antarctic Adventure",1983,"https://www.mobygames.com/game/antarctic-adventure",23,70.00
"Archon: The Light and the Dark",1983,"https://www.mobygames.com/game/archon-the-light-and-the-dark",89,76.00
"Atic Atac",1983,"https://www.mobygames.com/game/atic-atac",18,74.00
"Aztec Challenge",1983,"https://www.mobygames.com/game/aztec-challenge",13,72.00
"Baseball",1983,"https://www.mobygames.com/game/baseball",44,50.00
"BC's Quest for Tires",1983,"https://www.mobygames.com/game/bcs-quest-for-tires",56,74.00
"Beamrider",1983,"https://www.mobygames.com/game/beamrider",20,66.00
"Big Top",1983,"https://www.mobygames.com/game/big-top",10,68.00
"Binary Land",1983,"https://www.mobygames.com/game/binary-land",12,56.00
"Blue Max",1983,"https://www.mobygames.com/game/blue-max",15,70.00
"Bushido",1983,"https://www.mobygames.com/game/bushido",16,58.00
"Congo Bongo",1983,"https://www.mobygames.com/game/congo-bongo",32,54.00
"Conquest",1983,"https://www.mobygames.com/game/conquest",11,74.00
"Crossbow",1983,"https://www.mobygames.com/game/crossbow",10,58.00
"Crystal Castles",1983,"https://www.mobygames.com/game/crystal-castles",21,78.00
"Deathchase",1983,"https://www.mobygames.com/game/deathchase",16,74.00
"Digger",1983,"https://www.mobygames.com/game/digger",75,76.00
"Dino Eggs",1983,"https://www.mobygames.com/game/dino-eggs",15,80.00
"Dolphin",1983,"https://www.mobygames.com/game/dolphin",10,64.00
"Donkey Kong 3",1983,"https://www.mobygames.com/game/donkey-kong-3",45,64.00
"Donkey Kong Jr. Math",1983,"https://www.mobygames.com/game/donkey-kong-jr-math",10,56.00
"Dracula",1983,"https://www.mobygames.com/game/dracula",11,76.00
"Dragon's Lair",1983,"https://www.mobygames.com/game/dragons-lair",55,74.00
"Elevator Action",1983,"https://www.mobygames.com/game/elevator-action",57,60.00
"Enchanter",1983,"https://www.mobygames.com/game/enchanter",85,64.00
"Enduro",1983,"https://www.mobygames.com/game/enduro",22,66.00
"Exodus: Ultima III",1983,"https://www.mobygames.com/game/exodus-ultima-iii",117,74.00
"Forbidden Forest",1983,"https://www.mobygames.com/game/forbidden-forest",14,78.00
"Frostbite",1983,"https://www.mobygames.com/game/frostbite",16,70.00
"Gyruss",1983,"https://www.mobygames.com/game/gyruss",36,68.00
"Halloween",1983,"https://www.mobygames.com/game/halloween_",14,62.00
"Hard Hat Mack",1983,"https://www.mobygames.com/game/hard-hat-mack",35,68.00
"Infidel",1983,"https://www.mobygames.com/game/infidel",48,68.00
"Jetpac",1983,"https://www.mobygames.com/game/jetpac",28,76.00
"Jr. Pac-Man",1983,"https://www.mobygames.com/game/jr-pac-man",29,72.00
"Jumpman",1983,"https://www.mobygames.com/game/jumpman",54,76.00
"Jumpman Junior",1983,"https://www.mobygames.com/game/jumpman-junior",12,86.00
"Keystone Kapers",1983,"https://www.mobygames.com/game/keystone-kapers",18,72.00
"Lode Runner",1983,"https://www.mobygames.com/game/lode-runner",176,74.00
"Manic Miner",1983,"https://www.mobygames.com/game/manic-miner",35,78.00
"Mappy",1983,"https://www.mobygames.com/game/mappy",19,70.00
"Mario Bros.",1983,"https://www.mobygames.com/game/mario-bros",193,72.00
"Masters of the Universe: The Power of He-Man",1983,"https://www.mobygames.com/game/masters-of-the-universe-the-power-of-he-man",12,56.00
"Moon Bugs",1983,"https://www.mobygames.com/game/moon-bugs",16,74.00
"MotoRace USA",1983,"https://www.mobygames.com/game/motorace-usa",10,64.00
"Mr. Cool",1983,"https://www.mobygames.com/game/mr-cool",15,72.00
"Mr. Do!'s Castle",1983,"https://www.mobygames.com/game/mr-dos-castle",22,70.00
"M.U.L.E.",1983,"https://www.mobygames.com/game/mule",48,72.00
"Murder on the Zinderneuf",1983,"https://www.mobygames.com/game/murder-on-the-zinderneuf",10,74.00
"Oil's Well",1983,"https://www.mobygames.com/game/oils-well_",31,78.00
"Oink!",1983,"https://www.mobygames.com/game/oink",10,62.00
"One-on-One",1983,"https://www.mobygames.com/game/one-on-one",50,68.00
"Pango",1983,"https://www.mobygames.com/game/pango",12,78.00
"Planetfall",1983,"https://www.mobygames.com/game/planetfall",88,78.00
"Pole Position II",1983,"https://www.mobygames.com/game/pole-position-ii",12,76.00
"Seaquest",1983,"https://www.mobygames.com/game/seaquest",13,78.00
"Snoopy and the Red Baron",1983,"https://www.mobygames.com/game/snoopy-and-the-red-baron",10,68.00
"Space Ace",1983,"https://www.mobygames.com/game/space-ace",17,84.00
"Space Shuttle: A Journey into Space",1983,"https://www.mobygames.com/game/space-shuttle-a-journey-into-space",12,70.00
"Spelunker",1983,"https://www.mobygames.com/game/spelunker",18,64.00
"Spy Hunter",1983,"https://www.mobygames.com/game/spy-hunter",76,68.00
"Star Wars",1983,"https://www.mobygames.com/game/star-wars",96,78.00
"Suspended",1983,"https://www.mobygames.com/game/suspended",38,76.00
"Swedish Erotica: Custer's Revenge",1983,"https://www.mobygames.com/game/swedish-erotica-custers-revenge",38,22.00
"SwordQuest: FireWorld",1983,"https://www.mobygames.com/game/swordquest-fireworld",12,32.00
"SwordQuest: WaterWorld",1983,"https://www.mobygames.com/game/swordquest-waterworld",10,30.00
"Tapper",1983,"https://www.mobygames.com/game/tapper",80,76.00
"The Texas Chainsaw Massacre",1983,"https://www.mobygames.com/game/texas-chainsaw-massacre",13,38.00
"Time Bandit",1983,"https://www.mobygames.com/game/time-bandit",14,60.00
"Track & Field",1983,"https://www.mobygames.com/game/track-field",30,70.00
"The Witness",1983,"https://www.mobygames.com/game/witness",34,66.00
"Wizardry: Legacy of Llylgamyn - The Third Scenario",1983,"https://www.mobygames.com/game/wizardry-legacy-of-llylgamyn-the-third-scenario",28,74.00
"Zaxxon",1983,"https://www.mobygames.com/game/zaxxon_",16,68.00
"Zork Trilogy",1983,"https://www.mobygames.com/game/zork-trilogy",10,60.00
"1942",1984,"https://www.mobygames.com/game/1942arcade",120,64.00
"Airwolf",1984,"https://www.mobygames.com/game/airwolf_",11,50.00
"Alien",1984,"https://www.mobygames.com/game/alien_____",11,46.00
"The Ancient Art of War",1984,"https://www.mobygames.com/game/ancient-art-of-war",41,74.00
"Archon II: Adept",1984,"https://www.mobygames.com/game/archon-ii-adept",12,76.00
"B.C. II: Grog's Revenge",1984,"https://www.mobygames.com/game/bc-ii-grogs-revenge",17,74.00
"Below the Root",1984,"https://www.mobygames.com/game/below-the-root",32,72.00
"Beyond Castle Wolfenstein",1984,"https://www.mobygames.com/game/beyond-castle-wolfenstein",45,76.00
"Bomb Jack",1984,"https://www.mobygames.com/game/bomb-jack",63,68.00
"Booty",1984,"https://www.mobygames.com/game/booty",12,72.00
"Boulder Dash",1984,"https://www.mobygames.com/game/boulder-dash",118,72.00
"Bruce Lee",1984,"https://www.mobygames.com/game/bruce-lee",81,76.00
"Championship Lode Runner",1984,"https://www.mobygames.com/game/championship-lode-runner",14,76.00
"Circus Charlie",1984,"https://www.mobygames.com/game/circus-charlie",19,66.00
"Clu Clu Land",1984,"https://www.mobygames.com/game/clu-clu-land",19,56.00
"Cutthroats",1984,"https://www.mobygames.com/game/cutthroats",31,68.00
"Donald Duck's Playground",1984,"https://www.mobygames.com/game/donald-ducks-playground",51,78.00
"Dragon's Lair",1984,"https://www.mobygames.com/game/dragons-lair_____",12,44.00
"Elite",1984,"https://www.mobygames.com/game/elite",105,68.00
"Excitebike",1984,"https://www.mobygames.com/game/excitebike",91,70.00
"F-15 Strike Eagle",1984,"https://www.mobygames.com/game/f-15-strike-eagle",36,66.00
"Flicky",1984,"https://www.mobygames.com/game/flicky",22,70.00
"Frogger II: ThreeeDeep!",1984,"https://www.mobygames.com/game/frogger-ii-threeedeep",28,62.00
"GATO",1984,"https://www.mobygames.com/game/gato",22,72.00
"Ghostbusters",1984,"https://www.mobygames.com/game/ghostbusters",178,68.00
"Golf",1984,"https://www.mobygames.com/game/golf",26,56.00
"H.E.R.O.",1984,"https://www.mobygames.com/game/hero",100,78.00
"The Hitchhiker's Guide to the Galaxy",1984,"https://www.mobygames.com/game/hitchhikers-guide-to-the-galaxy",154,78.00
"Hogan's Alley",1984,"https://www.mobygames.com/game/hogans-alley",30,64.00
"Hole in One",1984,"https://www.mobygames.com/game/hole-in-one_",12,68.00
"The Hulk",1984,"https://www.mobygames.com/game/hulk",36,66.00
"Hydlide",1984,"https://www.mobygames.com/game/hydlide",19,52.00
"Ice Climber",1984,"https://www.mobygames.com/game/ice-climber",53,62.00
"Impossible Mission",1984,"https://www.mobygames.com/game/impossible-mission",17,68.00
"James Bond 007",1984,"https://www.mobygames.com/game/james-bond-007_",11,56.00
"Jet Set Willy",1984,"https://www.mobygames.com/game/jet-set-willy",19,76.00
"Karate Champ",1984,"https://www.mobygames.com/game/karate-champ",27,60.00
"Karateka",1984,"https://www.mobygames.com/game/karateka",117,74.00
"King's Quest",1984,"https://www.mobygames.com/game/kings-quest",180,72.00
"Kung-Fu Master",1984,"https://www.mobygames.com/game/kung-fu-master",57,64.00
"Marble Madness",1984,"https://www.mobygames.com/game/marble-madness",153,72.00
"Montezuma's Revenge",1984,"https://www.mobygames.com/game/montezumas-revenge",58,74.00
"Nuts & Milk",1984,"https://www.mobygames.com/game/nuts-milk",15,70.00
"Pac-Land",1984,"https://www.mobygames.com/game/pac-land",58,60.00
"Paperboy",1984,"https://www.mobygames.com/game/paperboy",161,66.00
"Pinball",1984,"https://www.mobygames.com/game/pinball-",31,64.00
"Pitfall II: Lost Caverns",1984,"https://www.mobygames.com/game/pitfall-ii-lost-caverns",88,76.00
"Pitstop II",1984,"https://www.mobygames.com/game/pitstop-ii",29,72.00
"Questron",1984,"https://www.mobygames.com/game/questron",11,80.00
"Raid on Bungeling Bay",1984,"https://www.mobygames.com/game/raid-on-bungeling-bay",23,66.00
"Realm of Impossibility",1984,"https://www.mobygames.com/game/realm-of-impossibility",11,82.00
"Road Fighter",1984,"https://www.mobygames.com/game/road-fighter",22,66.00
"Robot Odyssey",1984,"https://www.mobygames.com/game/robot-odyssey",20,80.00
"Sabre Wulf",1984,"https://www.mobygames.com/game/sabre-wulf",14,64.00
"Seastalker",1984,"https://www.mobygames.com/game/seastalker",30,66.00
"The Seven Cities of Gold",1984,"https://www.mobygames.com/game/seven-cities-of-gold",54,76.00
"Skool Daze",1984,"https://www.mobygames.com/game/skool-daze",13,70.00
"SonSon",1984,"https://www.mobygames.com/game/sonson",12,68.00
"Sopwith",1984,"https://www.mobygames.com/game/sopwith",18,70.00
"Sorcerer",1984,"https://www.mobygames.com/game/sorcerer",20,72.00
"Space Taxi",1984,"https://www.mobygames.com/game/space-taxi",14,76.00
"Spider-Man",1984,"https://www.mobygames.com/game/spider-man",23,76.00
"Spy vs Spy",1984,"https://www.mobygames.com/game/spy-vs-spy",68,72.00
"Star Wars: Return of the Jedi",1984,"https://www.mobygames.com/game/star-wars-return-of-the-jedi",28,66.00
"Steve Davis Snooker",1984,"https://www.mobygames.com/game/steve-davis-snooker",11,86.00
"Styx",1984,"https://www.mobygames.com/game/styx",16,54.00
"Summer Games",1984,"https://www.mobygames.com/game/summer-games",48,70.00
"SunDog: Frozen Legacy",1984,"https://www.mobygames.com/game/sundog-frozen-legacy",19,72.00
"Suspect",1984,"https://www.mobygames.com/game/suspect",33,82.00
"Tag Team Wrestling",1984,"https://www.mobygames.com/game/tag-team-wrestling",21,56.00
"Tennis",1984,"https://www.mobygames.com/game/tennis",47,68.00
"Tournament Tennis",1984,"https://www.mobygames.com/game/tournament-tennis",14,78.00
"Trashman",1984,"https://www.mobygames.com/game/trashman",13,62.00
"Urban Champion",1984,"https://www.mobygames.com/game/urban-champion",35,50.00
"VS. Duck Hunt",1984,"https://www.mobygames.com/game/vs-duck-hunt",93,68.00
"Wild Gunman",1984,"https://www.mobygames.com/game/wild-gunman",21,66.00
"Will Harvey's Music Construction Set",1984,"https://www.mobygames.com/game/will-harveys-music-construction-set",12,68.00
"Winnie the Pooh in the Hundred Acre Wood",1984,"https://www.mobygames.com/game/winnie-the-pooh-in-the-hundred-acre-wood",12,76.00
"Zyll",1984,"https://www.mobygames.com/game/zyll",16,74.00
"ACE: Air Combat Emulator",1985,"https://www.mobygames.com/game/ace-air-combat-emulator",16,52.00
"Alien 8",1985,"https://www.mobygames.com/game/alien-8",12,66.00
"Alpha Mission",1985,"https://www.mobygames.com/game/alpha-mission",12,48.00
"Alternate Reality: The City",1985,"https://www.mobygames.com/game/alternate-reality-the-city",22,72.00
"A Mind Forever Voyaging",1985,"https://www.mobygames.com/game/a-mind-forever-voyaging",66,78.00
"A View to a Kill: The Computer Game",1985,"https://www.mobygames.com/game/a-view-to-a-kill-the-computer-game",19,46.00
"Balance of Power",1985,"https://www.mobygames.com/game/balance-of-power",23,70.00
"Ballblazer",1985,"https://www.mobygames.com/game/ballblazer",17,64.00
"Balloon Fight",1985,"https://www.mobygames.com/game/balloon-fight",43,72.00
"Bank Panic",1985,"https://www.mobygames.com/game/bank-panic",13,68.00
"Battle City",1985,"https://www.mobygames.com/game/battle-city",46,72.00
"Beach-Head II: The Dictator Strikes Back",1985,"https://www.mobygames.com/game/beach-head-ii-the-dictator-strikes-back",11,70.00
"Bomberman",1985,"https://www.mobygames.com/game/bomberman____",40,66.00
"Bop'N Wrestle",1985,"https://www.mobygames.com/game/bopn-wrestle",17,62.00
"Boulder Dash II: Rockford's Revenge",1985,"https://www.mobygames.com/game/boulder-dash-ii-rockfords-revenge",17,84.00
"Bounty Bob Strikes Back!",1985,"https://www.mobygames.com/game/bounty-bob-strikes-back",12,74.00
"Castlequest",1985,"https://www.mobygames.com/game/castlequest",13,72.00
"Chaos",1985,"https://www.mobygames.com/game/chaos",10,74.00
"Commando",1985,"https://www.mobygames.com/game/commando",161,72.00
"The Crimson Crown",1985,"https://www.mobygames.com/game/crimson-crown",17,70.00
"Cruisin'",1985,"https://www.mobygames.com/game/cruisin",17,62.00
"Deja Vu: A Nightmare Comes True!!",1985,"https://www.mobygames.com/game/deja-vu-a-nightmare-comes-true",52,74.00
"Dig Dug II: Trouble in Paradise",1985,"https://www.mobygames.com/game/dig-dug-ii-trouble-in-paradise",15,64.00
"Dragon Buster",1985,"https://www.mobygames.com/game/dragon-buster",11,68.00
"The Eidolon",1985,"https://www.mobygames.com/game/eidolon",10,66.00
"Fairlight",1985,"https://www.mobygames.com/game/fairlight",12,58.00
"Frankie Goes to Hollywood",1985,"https://www.mobygames.com/game/frankie-goes-to-hollywood",13,58.00
"Gauntlet",1985,"https://www.mobygames.com/game/gauntlet",127,74.00
"Ghosts 'N Goblins",1985,"https://www.mobygames.com/game/ghosts-n-goblins",159,68.00
"The Goonies",1985,"https://www.mobygames.com/game/goonies_",11,74.00
"Gradius",1985,"https://www.mobygames.com/game/gradius",87,74.00
"Gun.Smoke",1985,"https://www.mobygames.com/game/gunsmoke",31,70.00
"Gyromite",1985,"https://www.mobygames.com/game/gyromite",11,58.00
"Hacker",1985,"https://www.mobygames.com/game/hacker",26,70.00
"Hang-On",1985,"https://www.mobygames.com/game/hang-on",20,68.00
"HardBall!",1985,"https://www.mobygames.com/game/hardball",24,74.00
"Indiana Jones and the Temple of Doom",1985,"https://www.mobygames.com/game/indiana-jones-and-the-temple-of-doom",69,54.00
"Jet",1985,"https://www.mobygames.com/game/jet",13,76.00
"Kane",1985,"https://www.mobygames.com/game/kane",16,64.00
"King's Quest II: Romancing the Throne",1985,"https://www.mobygames.com/game/kings-quest-ii-romancing-the-throne",88,66.00
"Kung-Fu: The Way of the Exploding Fist",1985,"https://www.mobygames.com/game/kung-fu-the-way-of-the-exploding-fist",19,74.00
"Law of the West",1985,"https://www.mobygames.com/game/law-of-the-west",22,80.00
"The Legend of Kage",1985,"https://www.mobygames.com/game/legend-of-kage",36,60.00
"Little Computer People",1985,"https://www.mobygames.com/game/little-computer-people",16,72.00
"Lunar Pool",1985,"https://www.mobygames.com/game/lunar-pool",18,62.00
"Mach Rider",1985,"https://www.mobygames.com/game/mach-rider",12,62.00
"Mail Order Monsters",1985,"https://www.mobygames.com/game/mail-order-monsters",16,68.00
"Moebius: The Orb of Celestial Harmony",1985,"https://www.mobygames.com/game/moebius-the-orb-of-celestial-harmony",15,68.00
"M.U.S.C.L.E.",1986,"https://www.mobygames.com/game/muscle",12,44.00
"The Oregon Trail",1985,"https://www.mobygames.com/game/oregon-trail",94,76.00
"Paradroid",1985,"https://www.mobygames.com/game/paradroid",28,72.00
"The Pawn",1985,"https://www.mobygames.com/game/pawn",41,66.00
"Phantasie",1985,"https://www.mobygames.com/game/phantasie",40,72.00
"Ping Pong",1985,"https://www.mobygames.com/game/ping-pong",19,70.00
"Rescue on Fractalus!",1985,"https://www.mobygames.com/game/rescue-on-fractalus",15,66.00
"Ring King",1985,"https://www.mobygames.com/game/ring-king_",15,60.00
"Road Blaster",1985,"https://www.mobygames.com/game/road-blaster",14,80.00
"Romance of the Three Kingdoms",1985,"https://www.mobygames.com/game/romance-of-the-three-kingdoms",19,78.00
"Rush'n Attack",1985,"https://www.mobygames.com/game/rushn-attack",112,78.00
"Silent Service",1985,"https://www.mobygames.com/game/silent-service",51,80.00
"Sky Kid",1985,"https://www.mobygames.com/game/sky-kid",10,76.00
"The Slugger",1985,"https://www.mobygames.com/game/slugger",10,48.00
"Soccer",1985,"https://www.mobygames.com/game/soccer",20,54.00
"Sopwith",1985,"https://www.mobygames.com/game/sopwith-",13,68.00
"Space Harrier",1985,"https://www.mobygames.com/game/space-harrier",115,72.00
"Speed Buggy",1985,"https://www.mobygames.com/game/speed-buggy",33,76.00
"Spellbreaker",1985,"https://www.mobygames.com/game/spellbreaker",23,66.00
"Spy vs. Spy: The Island Caper",1985,"https://www.mobygames.com/game/spy-vs-spy-the-island-caper",17,74.00
"Star Fleet I: The War Begins!",1985,"https://www.mobygames.com/game/star-fleet-i-the-war-begins",12,70.00
"Starquake",1985,"https://www.mobygames.com/game/starquake",14,78.00
"Star Wars: The Empire Strikes Back",1985,"https://www.mobygames.com/game/star-wars-the-empire-strikes-back__",10,70.00
"Stuart Smith's Adventure Construction Set",1985,"https://www.mobygames.com/game/stuart-smiths-adventure-construction-set",22,66.00
"Summer Games II",1985,"https://www.mobygames.com/game/summer-games-ii",31,76.00
"Super Mario Bros.",1985,"https://www.mobygames.com/game/super-mario-bros",376,82.00
"Tales of the Unknown: Volume I - The Bard's Tale",1985,"https://www.mobygames.com/game/tales-of-the-unknown-volume-i-the-bards-tale",110,74.00
"Tau Ceti: The Lost Star Colony",1985,"https://www.mobygames.com/game/tau-ceti-the-lost-star-colony",11,70.00
"Teddy Boy",1985,"https://www.mobygames.com/game/teddy-boy",11,58.00
"Temple of Apshai Trilogy",1985,"https://www.mobygames.com/game/temple-of-apshai-trilogy",10,60.00
"Thexder",1985,"https://www.mobygames.com/game/thexder",32,76.00
"Tiger-Heli",1985,"https://www.mobygames.com/game/tiger-heli",17,56.00
"Timothy Leary's Mind Mirror",1985,"https://www.mobygames.com/game/timothy-learys-mind-mirror",12,72.00
"TransBot",1985,"https://www.mobygames.com/game/transbot",10,68.00
"Transylvania",1985,"https://www.mobygames.com/game/transylvania__",24,70.00
"TwinBee",1985,"https://www.mobygames.com/game/twinbee",22,84.00
"Ultima IV: Quest of the Avatar",1985,"https://www.mobygames.com/game/ultima-iv-quest-of-the-avatar",252,80.00
"Where in the World Is Carmen Sandiego?",1985,"https://www.mobygames.com/game/where-in-the-world-is-carmen-sandiego",44,74.00
"Who Dares Wins II",1985,"https://www.mobygames.com/game/who-dares-wins-ii",17,68.00
"Willy the Worm",1985,"https://www.mobygames.com/game/willy-the-worm",14,48.00
"Winter Games",1985,"https://www.mobygames.com/game/winter-games",104,72.00
"Wishbringer",1985,"https://www.mobygames.com/game/wishbringer",35,74.00
"World Karate Championship",1985,"https://www.mobygames.com/game/world-karate-championship",37,70.00
"World Tour Golf",1985,"https://www.mobygames.com/game/world-tour-golf",16,70.00
"Wrecking Crew",1985,"https://www.mobygames.com/game/wrecking-crew",29,60.00
"Yie Ar Kung-Fu",1985,"https://www.mobygames.com/game/yie-ar-kung-fu_",20,62.00
"Yie Ar Kung-Fu",1985,"https://www.mobygames.com/game/yie-ar-kung-fu",23,60.00
"Yie Ar Kung-Fu 2: The Emperor Yie-Gah",1985,"https://www.mobygames.com/game/yie-ar-kung-fu-2-the-emperor-yie-gah",14,58.00
"Zorro",1985,"https://www.mobygames.com/game/zorro_",10,80.00
"10th Frame",1986,"https://www.mobygames.com/game/10th-frame",21,60.00
"221 B Baker St.",1986,"https://www.mobygames.com/game/221-b-baker-st",12,72.00
"720º",1986,"https://www.mobygames.com/game/720degrees",14,46.00
"Ace of Aces",1986,"https://www.mobygames.com/game/ace-of-aces",30,64.00
"Action Fighter",1986,"https://www.mobygames.com/game/action-fighter",45,54.00
"Adventure Island",1986,"https://www.mobygames.com/game/adventure-island",51,66.00
"Alex Kidd in Miracle World",1986,"https://www.mobygames.com/game/alex-kidd-in-miracle-world",68,78.00
"Alex Kidd: The Lost Stars",1986,"https://www.mobygames.com/game/alex-kidd-the-lost-stars",22,52.00
"Aliens: The Computer Game",1986,"https://www.mobygames.com/game/aliens-the-computer-game",19,68.00
"Alien Syndrome",1986,"https://www.mobygames.com/game/alien-syndrome",39,66.00
"Alter Ego",1986,"https://www.mobygames.com/game/alter-ego",72,76.00
"Amnesia",1986,"https://www.mobygames.com/game/amnesia",17,74.00
"Arcticfox",1986,"https://www.mobygames.com/game/arcticfox",33,70.00
"Arkanoid",1986,"https://www.mobygames.com/game/arkanoid",177,78.00
"Army Moves",1986,"https://www.mobygames.com/game/army-moves",31,66.00
"Astro Warrior",1986,"https://www.mobygames.com/game/astro-warrior",14,66.00
"Athena",1986,"https://www.mobygames.com/game/athena",18,34.00
"AutoDuel",1986,"https://www.mobygames.com/game/autoduel",52,68.00
"Back to the Future",1986,"https://www.mobygames.com/game/back-to-the-future_",15,44.00
"Ballyhoo",1986,"https://www.mobygames.com/game/ballyhoo",27,60.00
"The Bard's Tale II: The Destiny Knight",1986,"https://www.mobygames.com/game/bards-tale-ii-the-destiny-knight",51,76.00
"Batman",1986,"https://www.mobygames.com/game/batman_",19,70.00
"Black Belt",1986,"https://www.mobygames.com/game/black-belt",15,62.00
"The Black Cauldron",1986,"https://www.mobygames.com/game/black-cauldron",62,72.00
"BMX Simulator",1986,"https://www.mobygames.com/game/bmx-simulator",16,72.00
"BreakThru",1986,"https://www.mobygames.com/game/breakthru_",15,44.00
"Bubble Bobble",1986,"https://www.mobygames.com/game/bubble-bobble",279,80.00
"Castlevania",1986,"https://www.mobygames.com/game/castlevania",178,80.00
"Championship Baseball",1986,"https://www.mobygames.com/game/championship-baseball",10,64.00
"The Chessmaster 2000",1986,"https://www.mobygames.com/game/chessmaster-2000",30,72.00
"Chiller",1986,"https://www.mobygames.com/game/chiller",11,36.00
"Dark Castle",1986,"https://www.mobygames.com/game/dark-castle",33,58.00
"Deadly Towers",1987,"https://www.mobygames.com/game/deadly-towers",15,32.00
"Defender of the Crown",1986,"https://www.mobygames.com/game/defender-of-the-crown",231,74.00
"Double Dribble",1986,"https://www.mobygames.com/game/double-dribble",24,66.00
"Dragon Warrior",1986,"https://www.mobygames.com/game/dragon-warrior",77,64.00
"Druid",1986,"https://www.mobygames.com/game/druid",11,74.00
"Enduro Racer",1986,"https://www.mobygames.com/game/enduro-racer_",11,56.00
"Fantasy Zone",1986,"https://www.mobygames.com/game/fantasy-zone",33,74.00
"Fist: The Legend Continues",1986,"https://www.mobygames.com/game/fist-the-legend-continues",12,62.00
"Friday the 13th",1986,"https://www.mobygames.com/game/friday-the-13th_",19,48.00
"Gauntlet II",1986,"https://www.mobygames.com/game/gauntlet-ii",45,66.00
"GBA Championship Basketball: Two-on-Two",1986,"https://www.mobygames.com/game/gba-championship-basketball-two-on-two",24,64.00
"Ghost House",1986,"https://www.mobygames.com/game/ghost-house",13,56.00
"The Goonies",1986,"https://www.mobygames.com/game/goonies",17,68.00
"The Great Escape",1986,"https://www.mobygames.com/game/great-escape",28,66.00
"Gumshoe",1986,"https://www.mobygames.com/game/gumshoe",16,60.00
"Gunship",1986,"https://www.mobygames.com/game/gunship",52,76.00
"Hacker II: The Doomsday Papers",1986,"https://www.mobygames.com/game/hacker-ii-the-doomsday-papers",17,56.00
"Hang On & Safari Hunt",1986,"https://www.mobygames.com/game/hang-on-safari-hunt",11,72.00
"Highlander",1986,"https://www.mobygames.com/game/highlander",10,22.00
"Ikari Warriors",1986,"https://www.mobygames.com/game/ikari-warriors",92,66.00
"Ikari Warriors II: Victory Road",1986,"https://www.mobygames.com/game/ikari-warriors-ii-victory-road",26,64.00
"Into the Eagle's Nest",1986,"https://www.mobygames.com/game/into-the-eagles-nest",24,60.00
"Jackal",1986,"https://www.mobygames.com/game/jackal",35,68.00
"James Bond 007: Goldfinger",1986,"https://www.mobygames.com/game/james-bond-007-goldfinger",16,50.00
"James Clavell's Shogun",1986,"https://www.mobygames.com/game/james-clavells-shogun_",13,72.00
"Kid Icarus",1986,"https://www.mobygames.com/game/kid-icarus",85,72.00
"KiKi KaiKai",1986,"https://www.mobygames.com/game/kiki-kaikai",12,64.00
"The King of Chicago",1986,"https://www.mobygames.com/game/king-of-chicago",31,70.00
"King's Quest III: To Heir is Human",1986,"https://www.mobygames.com/game/kings-quest-iii-to-heir-is-human",104,74.00
"Knightmare",1986,"https://www.mobygames.com/game/knightmare",13,78.00
"Leather Goddesses of Phobos",1986,"https://www.mobygames.com/game/leather-goddesses-of-phobos",55,70.00
"Legendary Wings",1986,"https://www.mobygames.com/game/legendary-wings",14,74.00
"The Legend of Zelda",1986,"https://www.mobygames.com/game/legend-of-zelda",248,80.00
"Life Force",1986,"https://www.mobygames.com/game/life-force",85,72.00
"Mercenary: Compendium Edition",1986,"https://www.mobygames.com/game/mercenary-compendium-edition",10,62.00
"Metroid",1986,"https://www.mobygames.com/game/metroid",132,80.00
"Might and Magic: Book One - Secret of the Inner Sanctum",1986,"https://www.mobygames.com/game/might-and-magic-book-one-secret-of-the-inner-sanctum",51,74.00
"Milon's Secret Castle",1986,"https://www.mobygames.com/game/milons-secret-castle",19,52.00
"Miracle Warriors: Seal of the Dark Lord",1986,"https://www.mobygames.com/game/miracle-warriors-seal-of-the-dark-lord",12,72.00
"Mission Elevator",1986,"https://www.mobygames.com/game/mission-elevator",11,52.00
"Moonmist",1986,"https://www.mobygames.com/game/moonmist",24,68.00
"Ninja",1986,"https://www.mobygames.com/game/ninja_",28,68.00
"The Ninja",1986,"https://www.mobygames.com/game/ninja",13,72.00
"Nobunaga's Ambition",1986,"https://www.mobygames.com/game/nobunagas-ambition",13,68.00
"Number Munchers",1986,"https://www.mobygames.com/game/number-munchers",14,70.00
"OutRun",1986,"https://www.mobygames.com/game/outrun",173,74.00
"Penguin Adventure",1986,"https://www.mobygames.com/game/penguin-adventure",10,80.00
"Phantasie II",1986,"https://www.mobygames.com/game/phantasie-ii",14,84.00
"Portal",1986,"https://www.mobygames.com/game/portal",29,64.00
"Pro Wrestling",1986,"https://www.mobygames.com/game/pro-wrestling",27,64.00
"Rad Warrior",1986,"https://www.mobygames.com/game/rad-warrior",18,62.00
"Rambo: First Blood Part II",1986,"https://www.mobygames.com/game/rambo-first-blood-part-ii__",16,58.00
"Rambo: First Blood Part II",1986,"https://www.mobygames.com/game/rambo-first-blood-part-ii_",13,64.00
"Rampage",1986,"https://www.mobygames.com/game/rampage",100,64.00
"R.B.I. Baseball",1986,"https://www.mobygames.com/game/rbi-baseball",14,50.00
"Renegade",1986,"https://www.mobygames.com/game/renegade",59,68.00
"Road Runner",1986,"https://www.mobygames.com/game/road-runner",17,68.00
"Roadwar 2000",1986,"https://www.mobygames.com/game/roadwar-2000",16,72.00
"Rolling Thunder",1986,"https://www.mobygames.com/game/rolling-thunder",46,72.00
"Round 42",1986,"https://www.mobygames.com/game/round-42",10,68.00
"Rygar",1986,"https://www.mobygames.com/game/rygar_",11,64.00
"Samantha Fox Strip Poker",1986,"https://www.mobygames.com/game/samantha-fox-strip-poker",18,64.00
"The Sentry",1986,"https://www.mobygames.com/game/sentry_",11,54.00
"Shanghai",1986,"https://www.mobygames.com/game/shanghai",38,82.00
"Side Arms Hyper Dyne",1986,"https://www.mobygames.com/game/side-arms-hyper-dyne",31,64.00
"Side Pocket",1986,"https://www.mobygames.com/game/side-pocket",27,68.00
"Silpheed",1986,"https://www.mobygames.com/game/silpheed",48,80.00
"Solomon's Key",1986,"https://www.mobygames.com/game/solomons-key",38,68.00
"Space Quest: Chapter I - The Sarien Encounter",1986,"https://www.mobygames.com/game/space-quest-chapter-i-the-sarien-encounter",120,78.00
"Star Empire",1986,"https://www.mobygames.com/game/star-empire",10,64.00
"Starflight",1986,"https://www.mobygames.com/game/starflight",87,80.00
"Starglider",1986,"https://www.mobygames.com/game/starglider",35,76.00
"Star Soldier",1986,"https://www.mobygames.com/game/star-soldier",13,72.00
"Stinger",1986,"https://www.mobygames.com/game/stinger",14,70.00
"Storm",1986,"https://www.mobygames.com/game/storm",11,74.00
"Super Cycle",1986,"https://www.mobygames.com/game/super-cycle",11,58.00
"Super Mario Bros. 2",1986,"https://www.mobygames.com/game/super-mario-bros-2_",59,78.00
"Super Pitfall",1986,"https://www.mobygames.com/game/super-pitfall",19,46.00
"Super Sprint",1986,"https://www.mobygames.com/game/super-sprint",17,66.00
"Tass Times in Tonetown",1986,"https://www.mobygames.com/game/tass-times-in-tonetown",58,76.00
"Tetris",1986,"https://www.mobygames.com/game/tetris_",14,78.00
"Top Gun",1986,"https://www.mobygames.com/game/top-gun",25,62.00
"Trinity",1986,"https://www.mobygames.com/game/trinity",24,78.00
"Trivial Pursuit",1986,"https://www.mobygames.com/game/trivial-pursuit",12,64.00
"Trojan",1986,"https://www.mobygames.com/game/trojan",17,66.00
"Ultima I",1986,"https://www.mobygames.com/game/ultima-i",70,74.00
"Uninvited",1986,"https://www.mobygames.com/game/uninvited",35,64.00
"Uridium",1986,"https://www.mobygames.com/game/uridium",35,72.00
"Vampire",1986,"https://www.mobygames.com/game/vampire",16,74.00
"Vampire Killer",1986,"https://www.mobygames.com/game/vampire-killer",16,80.00
"Volleyball",1986,"https://www.mobygames.com/game/volleyball",13,50.00
"Wargame Construction Set",1986,"https://www.mobygames.com/game/wargame-construction-set",15,70.00
"WEC Le Mans 24",1986,"https://www.mobygames.com/game/wec-le-mans-24",12,68.00
"Where in the U.S.A. Is Carmen Sandiego?",1986,"https://www.mobygames.com/game/where-in-the-usa-is-carmen-sandiego",10,72.00
"Wizard's Crown",1986,"https://www.mobygames.com/game/wizards-crown",16,70.00
"Wonder Boy",1986,"https://www.mobygames.com/game/wonder-boy",56,76.00
"World Games",1986,"https://www.mobygames.com/game/world-games",65,62.00
"Zanac",1986,"https://www.mobygames.com/game/zanac",18,72.00
"The $100,000 Pyramid",1987,"https://www.mobygames.com/game/100000-pyramid_",13,58.00
"1943: The Battle of Midway",1987,"https://www.mobygames.com/game/1943-the-battle-of-midway",65,62.00
"3-D WorldRunner",1987,"https://www.mobygames.com/game/3-d-worldrunner",25,58.00
"4th & Inches",1987,"https://www.mobygames.com/game/4th-inches",21,58.00
"AAARGH!",1987,"https://www.mobygames.com/game/aaargh",34,54.00
"ACE 2",1987,"https://www.mobygames.com/game/ace-2",10,64.00
"Adventures of Dino-Riki",1989,"https://www.mobygames.com/game/adventures-of-dino-riki",13,46.00
"After Burner",1987,"https://www.mobygames.com/game/after-burner",34,68.00
"After Burner II",1987,"https://www.mobygames.com/game/after-burner-ii",86,66.00
"Airball",1987,"https://www.mobygames.com/game/airball",22,74.00
"Airborne Ranger",1987,"https://www.mobygames.com/game/airborne-ranger",52,68.00
"Air Fortress",1989,"https://www.mobygames.com/game/air-fortress",18,68.00
"Alex Kidd: High-Tech World",1989,"https://www.mobygames.com/game/alex-kidd-high-tech-world",17,56.00
"Aliens: The Computer Game",1987,"https://www.mobygames.com/game/aliens-the-computer-game_",14,72.00
"Alien Syndrome",1988,"https://www.mobygames.com/game/alien-syndrome___",17,70.00
"Amaurote",1987,"https://www.mobygames.com/game/amaurote",10,68.00
"The Ancient Art of War at Sea",1987,"https://www.mobygames.com/game/ancient-art-of-war-at-sea",22,76.00
"APB",1987,"https://www.mobygames.com/game/apb",16,52.00
"Arcade Volleyball",1987,"https://www.mobygames.com/game/arcade-volleyball",21,60.00
"Arkanoid: Revenge of DOH",1987,"https://www.mobygames.com/game/arkanoid-revenge-of-doh",73,74.00
"Bad Street Brawler",1987,"https://www.mobygames.com/game/bad-street-brawler",33,64.00
"Barbarian",1987,"https://www.mobygames.com/game/barbarian",76,60.00
"Bases Loaded",1987,"https://www.mobygames.com/game/bases-loaded",12,64.00
"Battleship",1987,"https://www.mobygames.com/game/battleship_",11,78.00
"Beyond Zork: The Coconut of Quendor",1987,"https://www.mobygames.com/game/beyond-zork-the-coconut-of-quendor",46,68.00
"Bionic Commando",1987,"https://www.mobygames.com/game/bionic-commando",46,58.00
"Blades of Steel",1987,"https://www.mobygames.com/game/blades-of-steel",64,70.00
"Blasteroids",1987,"https://www.mobygames.com/game/blasteroids",12,68.00
"Border Zone",1987,"https://www.mobygames.com/game/border-zone",12,68.00
"Bubble Ghost",1987,"https://www.mobygames.com/game/bubble-ghost",23,70.00
"Bureaucracy",1987,"https://www.mobygames.com/game/bureaucracy",45,72.00
"California Games",1987,"https://www.mobygames.com/game/california-games",135,72.00
"Captain Silver",1987,"https://www.mobygames.com/game/captain-silver",16,58.00
"Castlevania II: Simon's Quest",1987,"https://www.mobygames.com/game/castlevania-ii-simons-quest",83,70.00
"Chop N' Drop",1987,"https://www.mobygames.com/game/chop-n-drop",86,66.00
"Chuck Yeager's Advanced Flight Simulator",1987,"https://www.mobygames.com/game/chuck-yeagers-advanced-flight-simulator",23,70.00
"Contra",1987,"https://www.mobygames.com/game/contra",49,68.00
"Crazy Cars",1987,"https://www.mobygames.com/game/crazy-cars",31,54.00
"Death Sword",1987,"https://www.mobygames.com/game/death-sword",67,70.00
"Desert Falcon",1987,"https://www.mobygames.com/game/desert-falcon",12,52.00
"Dizzy: The Ultimate Cartoon Adventure",1987,"https://www.mobygames.com/game/dizzy-the-ultimate-cartoon-adventure",12,72.00
"Double Dragon",1987,"https://www.mobygames.com/game/double-dragon",248,74.00
"Downhill Challenge",1987,"https://www.mobygames.com/game/downhill-challenge",11,80.00
"Dragon Spirit",1987,"https://www.mobygames.com/game/dragon-spirit",23,66.00
"Dragon Warrior II",1987,"https://www.mobygames.com/game/dragon-warrior-ii",28,62.00
"Dungeon Master",1987,"https://www.mobygames.com/game/dungeon-master",162,76.00
"Earl Weaver Baseball",1987,"https://www.mobygames.com/game/earl-weaver-baseball",11,72.00
"Enduro Racer",1987,"https://www.mobygames.com/game/enduro-racer",14,64.00
"Exolon",1987,"https://www.mobygames.com/game/exolon",15,62.00
"FaceOff!",1987,"https://www.mobygames.com/game/faceoff",13,70.00
"The Faery Tale Adventure: Book I",1987,"https://www.mobygames.com/game/faery-tale-adventure-book-i",34,70.00
"Falcon",1987,"https://www.mobygames.com/game/falcon",23,82.00
"Faxanadu",1987,"https://www.mobygames.com/game/faxanadu",41,74.00
"Fernando Martín Basket Master",1987,"https://www.mobygames.com/game/fernando-martn-basket-master",10,58.00
"Feud",1987,"https://www.mobygames.com/game/feud",12,70.00
"Final Fantasy",1987,"https://www.mobygames.com/game/final-fantasy",106,72.00
"Fire Power",1987,"https://www.mobygames.com/game/fire-power",20,74.00
"The Fool's Errand",1987,"https://www.mobygames.com/game/fools-errand",16,68.00
"The Ford Simulator",1987,"https://www.mobygames.com/game/ford-simulator",14,44.00
"Galaga '88",1987,"https://www.mobygames.com/game/galaga-88",22,72.00
"Genghis Khan",1987,"https://www.mobygames.com/game/genghis-khan",24,72.00
"Golvellius: Valley of Doom",1987,"https://www.mobygames.com/game/golvellius-valley-of-doom",21,80.00
"The Goonies II",1987,"https://www.mobygames.com/game/goonies-ii",33,64.00
"The Great Giana Sisters",1987,"https://www.mobygames.com/game/great-giana-sisters",70,74.00
"Guerrilla War",1987,"https://www.mobygames.com/game/guerrilla-war",45,68.00
"The Guild of Thieves",1987,"https://www.mobygames.com/game/guild-of-thieves",35,70.00
"Head Over Heels",1987,"https://www.mobygames.com/game/head-over-heels",34,66.00
"Heavy Barrel",1987,"https://www.mobygames.com/game/heavy-barrel",16,68.00
"Hollywood Hijinx",1987,"https://www.mobygames.com/game/hollywood-hijinx",26,74.00
"Hollywood Poker",1987,"https://www.mobygames.com/game/hollywood-poker",18,60.00
"How to be a Complete Bastard",1987,"https://www.mobygames.com/game/how-to-be-a-complete-bastard",11,48.00
"The Hunt for Red October",1987,"https://www.mobygames.com/game/hunt-for-red-october",12,62.00
"Jaws",1987,"https://www.mobygames.com/game/jaws",32,44.00
"Jinxter",1987,"https://www.mobygames.com/game/jinxter",22,60.00
"The Karate Kid",1987,"https://www.mobygames.com/game/karate-kid",25,42.00
"Karnov",1987,"https://www.mobygames.com/game/karnov",45,54.00
"Knight Orc",1987,"https://www.mobygames.com/game/knight-orc",12,72.00
"La Abadía del Crimen",1987,"https://www.mobygames.com/game/la-abada-del-crimen",13,64.00
"The Last Ninja",1987,"https://www.mobygames.com/game/last-ninja",63,78.00
"Legacy of the Ancients",1987,"https://www.mobygames.com/game/legacy-of-the-ancients",21,78.00
"Legacy of the Wizard",1987,"https://www.mobygames.com/game/legacy-of-the-wizard",10,70.00
"Leisure Suit Larry in the Land of the Lounge Lizards",1987,"https://www.mobygames.com/game/leisure-suit-larry-in-the-land-of-the-lounge-lizards",131,78.00
"The Lurking Horror",1987,"https://www.mobygames.com/game/lurking-horror",36,80.00
"Mach 3",1987,"https://www.mobygames.com/game/mach-3",20,62.00
"Maniac Mansion",1987,"https://www.mobygames.com/game/maniac-mansion",297,76.00
"Match Day II",1987,"https://www.mobygames.com/game/match-day-ii",11,62.00
"Mega Man",1987,"https://www.mobygames.com/game/mega-man-",72,74.00
"Metal Gear",1987,"https://www.mobygames.com/game/metal-gear_",37,70.00
"Metal Gear",1987,"https://www.mobygames.com/game/metal-gear",64,68.00
"Mickey Mousecapade",1988,"https://www.mobygames.com/game/mickey-mousecapade",18,64.00
"Mike Tyson's Punch-Out!!",1987,"https://www.mobygames.com/game/mike-tysons-punch-out",91,80.00
"Milk Race",1987,"https://www.mobygames.com/game/milk-race",10,78.00
"Mixed-Up Mother Goose",1987,"https://www.mobygames.com/game/mixed-up-mother-goose_",22,74.00
"Nemesis 2",1987,"https://www.mobygames.com/game/nemesis-2",11,76.00
"NetHack",1987,"https://www.mobygames.com/game/nethack",128,76.00
"Nord and Bert Couldn't Make Head or Tail of It",1987,"https://www.mobygames.com/game/nord-and-bert-couldnt-make-head-or-tail-of-it",31,70.00
"Operation Wolf",1987,"https://www.mobygames.com/game/operation-wolf",94,68.00
"Pac-Mania",1987,"https://www.mobygames.com/game/pac-mania",84,72.00
"Penguin Land",1988,"https://www.mobygames.com/game/penguin-land",16,78.00
"Phantasie III: The Wrath of Nikademus",1987,"https://www.mobygames.com/game/phantasie-iii-the-wrath-of-nikademus",16,72.00
"Phantasy Star",1987,"https://www.mobygames.com/game/phantasy-star",64,80.00
"Platoon",1987,"https://www.mobygames.com/game/platoon",42,62.00
"Plundered Hearts",1987,"https://www.mobygames.com/game/plundered-hearts",21,76.00
"Police Quest: In Pursuit of the Death Angel",1987,"https://www.mobygames.com/game/police-quest-in-pursuit-of-the-death-angel",104,74.00
"Ports of Call",1987,"https://www.mobygames.com/game/ports-of-call",28,74.00
"Predator",1987,"https://www.mobygames.com/game/predator",16,62.00
"Rad Racer",1987,"https://www.mobygames.com/game/rad-racer",48,72.00
"Rainbow Islands",1987,"https://www.mobygames.com/game/rainbow-islands",108,70.00
"Rambo",1988,"https://www.mobygames.com/game/rambo_",13,54.00
"Rastan",1987,"https://www.mobygames.com/game/rastan",62,70.00
"RoboWarrior",1987,"https://www.mobygames.com/game/robowarrior",10,64.00
"Rockford: The Arcade Game",1987,"https://www.mobygames.com/game/rockford-the-arcade-game",18,64.00
"R-Type",1987,"https://www.mobygames.com/game/r-type",156,80.00
"Rygar",1987,"https://www.mobygames.com/game/rygar",33,68.00
"SDI: Strategic Defense Initiative",1987,"https://www.mobygames.com/game/sdi-strategic-defense-initiative",17,54.00
"Shadowgate",1987,"https://www.mobygames.com/game/shadowgate",78,72.00
"Shinobi",1987,"https://www.mobygames.com/game/shinobi",77,70.00
"Sid Meier's Pirates!",1987,"https://www.mobygames.com/game/sid-meiers-pirates",237,80.00
"Sinbad and the Throne of the Falcon",1987,"https://www.mobygames.com/game/sinbad-and-the-throne-of-the-falcon",21,76.00
"Skate or Die",1987,"https://www.mobygames.com/game/skate-or-die",88,72.00
"Sky Shark",1987,"https://www.mobygames.com/game/sky-shark",14,56.00
"Solitaire Royale",1987,"https://www.mobygames.com/game/solitaire-royale",17,78.00
"Sorcerian",1987,"https://www.mobygames.com/game/sorcerian",49,84.00
"Space Quest II: Chapter II - Vohaul's Revenge",1987,"https://www.mobygames.com/game/space-quest-ii-chapter-ii-vohauls-revenge",106,74.00
"Star Trek: The Rebel Universe",1987,"https://www.mobygames.com/game/star-trek-the-rebel-universe",14,68.00
"Star Wars",1987,"https://www.mobygames.com/game/star-wars__",10,76.00
"Stationfall",1987,"https://www.mobygames.com/game/stationfall",46,78.00
"Street Cat",1987,"https://www.mobygames.com/game/street-cat",12,76.00
"Street Fighter",1987,"https://www.mobygames.com/game/street-fighter",96,56.00
"Street Sports Basketball",1987,"https://www.mobygames.com/game/street-sports-basketball",25,56.00
"Super Dodge Ball",1987,"https://www.mobygames.com/game/super-dodge-ball",17,82.00
"Super Hang-On",1987,"https://www.mobygames.com/game/super-hang-on",69,68.00
"Super Hydlide",1987,"https://www.mobygames.com/game/super-hydlide",10,68.00
"Superman",1988,"https://www.mobygames.com/game/superman_",14,36.00
"Superstar Ice Hockey",1987,"https://www.mobygames.com/game/superstar-ice-hockey",13,80.00
"Tecmo Bowl",1987,"https://www.mobygames.com/game/tecmo-bowl",23,68.00
"Test Drive",1987,"https://www.mobygames.com/game/test-drive",77,72.00
"The Three Stooges",1987,"https://www.mobygames.com/game/three-stooges",36,72.00
"ThunderBlade",1987,"https://www.mobygames.com/game/thunderblade",23,66.00
"Thundercats",1987,"https://www.mobygames.com/game/thundercats",17,66.00
"Tiger Road",1987,"https://www.mobygames.com/game/tiger-road",15,68.00
"Top Gun",1987,"https://www.mobygames.com/game/top-gun_",24,52.00
"Tower Toppler",1987,"https://www.mobygames.com/game/tower-toppler",37,72.00
"Twin Cobra",1987,"https://www.mobygames.com/game/twin-cobra",26,80.00
"Wings of Fury",1987,"https://www.mobygames.com/game/wings-of-fury",54,72.00
"Wizardry: The Return of Werdna - The Fourth Scenario",1987,"https://www.mobygames.com/game/wizardry-the-return-of-werdna-the-fourth-scenario",29,70.00
"Wizards & Warriors",1987,"https://www.mobygames.com/game/wizards-warriors-",23,72.00
"Wizball",1987,"https://www.mobygames.com/game/wizball",68,76.00
"Wonder Boy in Monster Land",1987,"https://www.mobygames.com/game/wonder-boy-in-monster-land",62,78.00
"World Class Leader Board",1987,"https://www.mobygames.com/game/world-class-leader-board",51,72.00
"Xenophobe",1987,"https://www.mobygames.com/game/xenophobe",22,48.00
"Xybots",1987,"https://www.mobygames.com/game/xybots",10,68.00
"Ys: The Vanished Omens",1987,"https://www.mobygames.com/game/ys-the-vanished-omens",32,78.00
"Zelda II: The Adventure of Link",1987,"https://www.mobygames.com/game/zelda-ii-the-adventure-of-link",167,70.00
"Zeliard",1987,"https://www.mobygames.com/game/zeliard",36,80.00
"Zillion",1987,"https://www.mobygames.com/game/zillion",14,78.00
"Zillion 2: Tri Formation",1988,"https://www.mobygames.com/game/zillion-2-tri-formation",10,68.00
"1943 Kai",1988,"https://www.mobygames.com/game/1943-kai",12,74.00
"4x4 Off-Road Racing",1988,"https://www.mobygames.com/game/4x4-off-road-racing",24,52.00
"5th Gear",1988,"https://www.mobygames.com/game/5th-gear",12,40.00
"8 Eyes",1988,"https://www.mobygames.com/game/8-eyes",22,50.00
"The Adventures of Bayou Billy",1988,"https://www.mobygames.com/game/adventures-of-bayou-billy",33,54.00
"The Adventures of Captain Comic",1988,"https://www.mobygames.com/game/adventures-of-captain-comic",46,60.00
"Alien Crush",1988,"https://www.mobygames.com/game/alien-crush",16,68.00
"Altered Beast",1988,"https://www.mobygames.com/game/altered-beast",171,64.00
"Amagon",1989,"https://www.mobygames.com/game/amagon",13,52.00
"Anticipation",1988,"https://www.mobygames.com/game/anticipation",13,64.00
"Atomic Robo-Kid",1988,"https://www.mobygames.com/game/atomic-robo-kid",17,66.00
"Axe of Rage",1988,"https://www.mobygames.com/game/axe-of-rage",31,58.00
"Baal",1988,"https://www.mobygames.com/game/baal",14,74.00
"Bad Dudes",1988,"https://www.mobygames.com/game/bad-dudes",72,66.00
"Balance of Power: The 1990 Edition",1988,"https://www.mobygames.com/game/balance-of-power-the-1990-edition",15,72.00
"The Bard's Tale III: Thief of Fate",1988,"https://www.mobygames.com/game/bards-tale-iii-thief-of-fate",61,70.00
"Batman: The Caped Crusader",1988,"https://www.mobygames.com/game/batman-the-caped-crusader",23,68.00
"Battle Chess",1988,"https://www.mobygames.com/game/battle-chess",122,72.00
"Battlehawks 1942",1988,"https://www.mobygames.com/game/battlehawks-1942",30,72.00
"The Battle of Olympus",1988,"https://www.mobygames.com/game/battle-of-olympus",18,70.00
"BattleTech: The Crescent Hawk's Inception",1988,"https://www.mobygames.com/game/battletech-the-crescent-hawks-inception",33,72.00
"Bionic Commando",1988,"https://www.mobygames.com/game/bionic-commando_",38,74.00
"Black Lamp",1988,"https://www.mobygames.com/game/black-lamp",11,72.00
"Blaster Master",1988,"https://www.mobygames.com/game/blaster-master",38,78.00
"Bubble Bobble",1988,"https://www.mobygames.com/game/bubble-bobble_",20,78.00
"Cabal",1988,"https://www.mobygames.com/game/cabal",55,64.00
"Captain Blood",1988,"https://www.mobygames.com/game/captain-blood",63,72.00
"Carrier Command",1988,"https://www.mobygames.com/game/carrier-command",41,70.00
"Caveman Ugh-Lympics",1988,"https://www.mobygames.com/game/caveman-ugh-lympics",29,62.00
"Chase H.Q.",1988,"https://www.mobygames.com/game/chase-hq",58,68.00
"Chelnov: Atomic Runner",1988,"https://www.mobygames.com/game/chelnov-atomic-runner",12,68.00
"Cloud Master",1988,"https://www.mobygames.com/game/cloud-master",13,68.00
"Contra",1988,"https://www.mobygames.com/game/contra_",96,82.00
"Corruption",1988,"https://www.mobygames.com/game/corruption",33,64.00
"Cybernoid: The Fighting Machine",1988,"https://www.mobygames.com/game/cybernoid-the-fighting-machine",27,64.00
"Dangerous Dave in the Deserted Pirate's Hideout!",1988,"https://www.mobygames.com/game/dangerous-dave-in-the-deserted-pirates-hideout",31,68.00
"Demon's Winter",1988,"https://www.mobygames.com/game/demons-winter",33,62.00
"Demon Sword",1990,"https://www.mobygames.com/game/demon-sword",10,56.00
"Dive Bomber",1988,"https://www.mobygames.com/game/dive-bomber",10,52.00
"Donkey Kong Classics",1988,"https://www.mobygames.com/game/donkey-kong-classics",18,72.00
"Double Dragon II: The Revenge",1988,"https://www.mobygames.com/game/double-dragon-ii-the-revenge",40,54.00
"Dragon Warrior III",1992,"https://www.mobygames.com/game/dragon-warrior-iii",20,64.00
"Dr. Jekyll and Mr. Hyde",1989,"https://www.mobygames.com/game/dr-jekyll-and-mr-hyde",20,22.00
"Eliminator",1988,"https://www.mobygames.com/game/eliminator-",10,52.00
"Emlyn Hughes International Soccer",1988,"https://www.mobygames.com/game/emlyn-hughes-international-soccer",11,64.00
"Exile",1988,"https://www.mobygames.com/game/exile_",16,70.00
"Exile",1988,"https://www.mobygames.com/game/exile",13,72.00
"F-19 Stealth Fighter",1988,"https://www.mobygames.com/game/f-19-stealth-fighter",75,72.00
"F40 Pursuit Simulator",1988,"https://www.mobygames.com/game/f40-pursuit-simulator",21,64.00
"F/A-18 Interceptor",1988,"https://www.mobygames.com/game/fa-18-interceptor",23,80.00
"Ferrari Formula One",1988,"https://www.mobygames.com/game/ferrari-formula-one",11,64.00
"The Fidelity Chessmaster 2100",1988,"https://www.mobygames.com/game/fidelity-chessmaster-2100",11,62.00
"Final Fantasy II",1988,"https://www.mobygames.com/game/final-fantasy-ii",27,60.00
"Fire and Forget",1988,"https://www.mobygames.com/game/fire-and-forget",11,40.00
"Fish",1988,"https://www.mobygames.com/game/fish",19,54.00
"The Flintstones",1988,"https://www.mobygames.com/game/flintstones_",22,62.00
"Forgotten Worlds",1988,"https://www.mobygames.com/game/forgotten-worlds",52,62.00
"Gain Ground",1988,"https://www.mobygames.com/game/gain-ground",15,72.00
"The Games: Summer Edition",1988,"https://www.mobygames.com/game/games-summer-edition",11,70.00
"The Games: Winter Edition",1988,"https://www.mobygames.com/game/games-winter-edition",11,60.00
"Gauntlet",1988,"https://www.mobygames.com/game/gauntlet___",19,70.00
"Ghouls 'N Ghosts",1988,"https://www.mobygames.com/game/ghouls-n-ghosts",113,68.00
"Godzilla: Monster of Monsters",1989,"https://www.mobygames.com/game/godzilla-monster-of-monsters",18,58.00
"Gold Rush!",1988,"https://www.mobygames.com/game/gold-rush",69,68.00
"Golgo 13: Top Secret Episode",1988,"https://www.mobygames.com/game/golgo-13-top-secret-episode",12,58.00
"Grand Prix Circuit",1988,"https://www.mobygames.com/game/grand-prix-circuit",35,70.00
"Grand Prix Master",1988,"https://www.mobygames.com/game/grand-prix-master",13,66.00
"The Guardian Legend",1989,"https://www.mobygames.com/game/guardian-legend",26,78.00
"Haunted Castle",1988,"https://www.mobygames.com/game/haunted-castle",10,56.00
"Hercules: Slayer of the Damned!",1988,"https://www.mobygames.com/game/hercules-slayer-of-the-damned",12,52.00
"Heroes of the Lance",1988,"https://www.mobygames.com/game/heroes-of-the-lance",52,54.00
"Hidden Agenda",1988,"https://www.mobygames.com/game/hidden-agenda",13,74.00
"Hostage: Rescue Mission",1988,"https://www.mobygames.com/game/hostage-rescue-mission",37,72.00
"Hybris",1988,"https://www.mobygames.com/game/hybris",12,82.00
"Ian Fleming's James Bond 007 in Live and Let Die: The Computer Game",1988,"https://www.mobygames.com/game/ian-flemings-james-bond-007-in-live-and-let-die-the-computer-gam",10,48.00
"Ice Hockey",1988,"https://www.mobygames.com/game/ice-hockey",32,68.00
"Impossible Mission II",1988,"https://www.mobygames.com/game/impossible-mission-ii",39,72.00
"Jordan vs Bird: One on One",1988,"https://www.mobygames.com/game/jordan-vs-bird-one-on-one",21,60.00
"Keith Courage in Alpha Zones",1989,"https://www.mobygames.com/game/keith-courage-in-alpha-zones",12,70.00
"Keith Van Eron's Pro Soccer",1988,"https://www.mobygames.com/game/keith-van-erons-pro-soccer",27,70.00
"Kenseiden",1988,"https://www.mobygames.com/game/kenseiden",12,84.00
"Kickle Cubicle",1988,"https://www.mobygames.com/game/kickle-cubicle",10,74.00
"King's Quest IV: The Perils of Rosella",1988,"https://www.mobygames.com/game/kings-quest-iv-the-perils-of-rosella",93,78.00
"Lancelot",1988,"https://www.mobygames.com/game/lancelot",17,78.00
"Laser Squad",1988,"https://www.mobygames.com/game/laser-squad",44,76.00
"Last Ninja 2: Back with a Vengeance",1988,"https://www.mobygames.com/game/last-ninja-2-back-with-a-vengeance",46,74.00
"Leisure Suit Larry Goes Looking for Love (In Several Wrong Places)",1988,"https://www.mobygames.com/game/leisure-suit-larry-goes-looking-for-love-in-several-wrong-places",82,74.00
"Life  Death",1988,"https://www.mobygames.com/game/life-death",16,72.00
"Lombard RAC Rally",1988,"https://www.mobygames.com/game/lombard-rac-rally",12,78.00
"Mad Mix Game",1988,"https://www.mobygames.com/game/mad-mix-game",27,78.00
"Manhunter: New York",1988,"https://www.mobygames.com/game/manhunter-new-york",50,72.00
"Mars Saga",1988,"https://www.mobygames.com/game/mars-saga",15,78.00
"Mega Man 2",1988,"https://www.mobygames.com/game/mega-man-2",145,82.00
"Menace",1988,"https://www.mobygames.com/game/menace",25,78.00
"Might and Magic II: Gates to Another World",1988,"https://www.mobygames.com/game/might-and-magic-ii-gates-to-another-world",65,74.00
"Monster Lair",1988,"https://www.mobygames.com/game/monster-lair",15,76.00
"Navy Moves",1988,"https://www.mobygames.com/game/navy-moves",16,54.00
"Nemesis 3: The Eve of Destruction",1988,"https://www.mobygames.com/game/nemesis-3-the-eve-of-destruction",12,82.00
"Netherworld",1988,"https://www.mobygames.com/game/netherworld",10,56.00
"Neuromancer",1988,"https://www.mobygames.com/game/neuromancer",62,80.00
"The New Zealand Story",1988,"https://www.mobygames.com/game/new-zealand-story",61,68.00
"Night Hunter",1988,"https://www.mobygames.com/game/night-hunter",10,58.00
"Ninja Gaiden",1988,"https://www.mobygames.com/game/ninja-gaiden",85,78.00
"Ninja Spirit",1988,"https://www.mobygames.com/game/ninja-spirit",15,60.00
"Obliterator",1988,"https://www.mobygames.com/game/obliterator",11,58.00
"Phelios",1988,"https://www.mobygames.com/game/phelios",10,76.00
"Police Quest 2: The Vengeance",1988,"https://www.mobygames.com/game/police-quest-2-the-vengeance",75,76.00
"Pool of Radiance",1988,"https://www.mobygames.com/game/pool-of-radiance",100,74.00
"Popcorn",1988,"https://www.mobygames.com/game/popcorn",19,76.00
"Power Drift",1988,"https://www.mobygames.com/game/power-drift",12,72.00
"Power Strike",1988,"https://www.mobygames.com/game/power-strike",28,78.00
"P.O.W.: Prisoners of War",1988,"https://www.mobygames.com/game/pow-prisoners-of-war",16,72.00
"Predator",1988,"https://www.mobygames.com/game/predator_",13,44.00
"Psychic World",1988,"https://www.mobygames.com/game/psychic-world",18,70.00
"Psycho",1988,"https://www.mobygames.com/game/psycho",15,38.00
"Rainbow Islands",1988,"https://www.mobygames.com/game/rainbow-islands_",17,60.00
"Rambo III",1988,"https://www.mobygames.com/game/rambo-iii",44,56.00
"Rambo III",1988,"https://www.mobygames.com/game/rambo-iii__",10,64.00
"R.C. Pro-Am",1988,"https://www.mobygames.com/game/rc-pro-am",44,76.00
"Red Storm Rising",1988,"https://www.mobygames.com/game/red-storm-rising",21,72.00
"Road Raider",1988,"https://www.mobygames.com/game/road-raider",10,58.00
"RoboCop",1988,"https://www.mobygames.com/game/robocop__",57,66.00
"RoboCop",1988,"https://www.mobygames.com/game/robocop",41,68.00
"Rocket Ranger",1988,"https://www.mobygames.com/game/rocket-ranger",52,82.00
"Rock Star Ate My Hamster",1988,"https://www.mobygames.com/game/rock-star-ate-my-hamster",14,62.00
"Scramble Spirits",1988,"https://www.mobygames.com/game/scramble-spirits",10,52.00
"Sentinel Worlds I: Future Magic",1988,"https://www.mobygames.com/game/sentinel-worlds-i-future-magic",20,78.00
"Sherlock: The Riddle of the Crown Jewels",1988,"https://www.mobygames.com/game/sherlock-the-riddle-of-the-crown-jewels",11,72.00
"Shufflepuck Cafe",1988,"https://www.mobygames.com/game/shufflepuck-cafe",31,74.00
"Silkworm",1988,"https://www.mobygames.com/game/silkworm",37,66.00
"SkyChase",1988,"https://www.mobygames.com/game/skychase",11,62.00
"Snatcher",1988,"https://www.mobygames.com/game/snatcher",90,76.00
"Snoopy's Silly Sports Spectacular",1989,"https://www.mobygames.com/game/snoopys-silly-sports-spectacular",12,58.00
"Space Harrier II",1988,"https://www.mobygames.com/game/space-harrier-ii",41,62.00
"Space Racer",1988,"https://www.mobygames.com/game/space-racer",18,74.00
"Speedball",1988,"https://www.mobygames.com/game/speedball",49,70.00
"SpellCaster",1989,"https://www.mobygames.com/game/spellcaster",13,78.00
"Splatterhouse",1988,"https://www.mobygames.com/game/splatterhouse",23,74.00
"Starglider II",1988,"https://www.mobygames.com/game/starglider-ii",27,70.00
"Stargoose Warrior",1988,"https://www.mobygames.com/game/stargoose-warrior",12,66.00
"Star Wars: Droids",1988,"https://www.mobygames.com/game/star-wars-droids",12,56.00
"Strip Poker II",1988,"https://www.mobygames.com/game/strip-poker-ii",11,66.00
"Strip Poker II Plus",1988,"https://www.mobygames.com/game/strip-poker-ii-plus",12,70.00
"Super Contra",1988,"https://www.mobygames.com/game/super-contra",89,78.00
"Super Mario Bros. 2",1988,"https://www.mobygames.com/game/super-mario-bros-2",162,80.00
"Super Mario Bros. 3",1988,"https://www.mobygames.com/game/super-mario-bros-3",340,86.00
"Super Mario Bros. / Duck Hunt",1988,"https://www.mobygames.com/game/super-mario-bros-duck-hunt",34,88.00
"Super Mario Bros. / Duck Hunt / World Class Track Meet",1988,"https://www.mobygames.com/game/super-mario-bros-duck-hunt-world-class-track-meet",10,88.00
"Super Thunder Blade",1988,"https://www.mobygames.com/game/super-thunder-blade",11,52.00
"Target: Renegade",1988,"https://www.mobygames.com/game/target-renegade",24,60.00
"Techno Cop",1988,"https://www.mobygames.com/game/techno-cop",24,62.00
"Teenage Queen",1988,"https://www.mobygames.com/game/teenage-queen",15,46.00
"Tetris",1988,"https://www.mobygames.com/game/tetris_____",20,76.00
"Tetris",1988,"https://www.mobygames.com/game/tetris_sega",10,72.00
"Tetris",1988,"https://www.mobygames.com/game/tetriselorg",25,78.00
"Tetris",1988,"https://www.mobygames.com/game/tetris_atari",17,84.00
"Tetris",1988,"https://www.mobygames.com/game/tetris_c64",15,76.00
"Tetris",1988,"https://www.mobygames.com/game/tetris",72,76.00
"Thunder Force II",1988,"https://www.mobygames.com/game/thunder-force-ii",14,76.00
"Times of Lore",1988,"https://www.mobygames.com/game/times-of-lore",24,78.00
"Toobin'",1988,"https://www.mobygames.com/game/toobin",40,80.00
"Total Eclipse",1988,"https://www.mobygames.com/game/total-eclipse",20,74.00
"Town & Country Surf Designs: Wood & Water Rage",1988,"https://www.mobygames.com/game/town-country-surf-designs-wood-water-rage",15,60.00
"Track & Field II",1989,"https://www.mobygames.com/game/track-field-ii",13,70.00
"The Train: Escape to Normandy",1988,"https://www.mobygames.com/game/train-escape-to-normandy",13,80.00
"Treasure Island Dizzy",1988,"https://www.mobygames.com/game/treasure-island-dizzy",45,74.00
"Truxton",1988,"https://www.mobygames.com/game/truxton",19,76.00
"Ultima V: Warriors of Destiny",1988,"https://www.mobygames.com/game/ultima-v-warriors-of-destiny",126,82.00
"U.S. Championship V'Ball",1988,"https://www.mobygames.com/game/us-championship-vball",18,82.00
"Vigilante",1988,"https://www.mobygames.com/game/vigilante",26,66.00
"Vixen",1988,"https://www.mobygames.com/game/vixen",28,58.00
"Vulcan Venture",1988,"https://www.mobygames.com/game/vulcan-venture",23,76.00
"Wasteland",1988,"https://www.mobygames.com/game/wasteland",193,76.00
"Wayne Gretzky Hockey",1988,"https://www.mobygames.com/game/wayne-gretzky-hockey",13,66.00
"Weird Dreams",1988,"https://www.mobygames.com/game/weird-dreams",34,70.00
"Where in Europe is Carmen Sandiego?",1988,"https://www.mobygames.com/game/where-in-europe-is-carmen-sandiego",12,56.00
"Where in the World is Carmen Sandiego? (Enhanced)",1988,"https://www.mobygames.com/game/where-in-the-world-is-carmen-sandiego-enhanced",20,74.00
"Who Framed Roger Rabbit",1988,"https://www.mobygames.com/game/who-framed-roger-rabbit",27,56.00
"Will Harvey's Zany Golf",1988,"https://www.mobygames.com/game/will-harveys-zany-golf",38,62.00
"Willow",1988,"https://www.mobygames.com/game/willow",22,62.00
"Winter Challenge: World Class Competition",1988,"https://www.mobygames.com/game/winter-challenge-world-class-competition",11,80.00
"Wizardry V: Heart of the Maelstrom",1988,"https://www.mobygames.com/game/wizardry-v-heart-of-the-maelstrom",17,82.00
"Xenon",1988,"https://www.mobygames.com/game/xenon",64,70.00
"Zak McKracken and the Alien Mindbenders",1988,"https://www.mobygames.com/game/zak-mckracken-and-the-alien-mindbenders",179,76.00
"Zoom!",1988,"https://www.mobygames.com/game/zoom",17,62.00
"007: Licence to Kill",1989,"https://www.mobygames.com/game/007-licence-to-kill",51,66.00
"3D-Pinball",1989,"https://www.mobygames.com/game/3d-pinball",15,58.00
"688 Attack Sub",1989,"https://www.mobygames.com/game/688-attack-sub",36,62.00
"A-10 Tank Killer",1989,"https://www.mobygames.com/game/a-10-tank-killer",26,74.00
"Abadox: The Deadly Inner War",1990,"https://www.mobygames.com/game/abadox-the-deadly-inner-war",23,64.00
"Abrams Battle Tank",1989,"https://www.mobygames.com/game/abrams-battle-tank",18,54.00
"Adventures of Lolo",1989,"https://www.mobygames.com/game/adventures-of-lolo",31,74.00
"After the War",1989,"https://www.mobygames.com/game/after-the-war",29,60.00
"Airwolf",1989,"https://www.mobygames.com/game/airwolf",11,48.00
"Alex Kidd in the Enchanted Castle",1989,"https://www.mobygames.com/game/alex-kidd-in-the-enchanted-castle",40,58.00
"ALF",1989,"https://www.mobygames.com/game/alf",11,48.00
"Alleyway",1989,"https://www.mobygames.com/game/alleyway",32,66.00
"The Amazing Spider-Man and Captain America in Dr. Doom's Revenge!",1989,"https://www.mobygames.com/game/amazing-spider-man-and-captain-america-in-dr-dooms-revenge",30,64.00
"A.M.C.: Astro Marine Corps",1989,"https://www.mobygames.com/game/amc-astro-marine-corps",21,64.00
"A Nightmare on Elm Street",1989,"https://www.mobygames.com/game/a-nightmare-on-elm-street",17,68.00
"...A Personal Nightmare",1989,"https://www.mobygames.com/game/a-personal-nightmare",11,70.00
"Archipelagos",1989,"https://www.mobygames.com/game/archipelagos",17,68.00
"Arch Rivals",1989,"https://www.mobygames.com/game/arch-rivals",22,60.00
"Arthur: The Quest for Excalibur",1989,"https://www.mobygames.com/game/arthur-the-quest-for-excalibur",15,72.00
"Astyanax",1990,"https://www.mobygames.com/game/astyanax",16,70.00
"Back to the Future",1989,"https://www.mobygames.com/game/back-to-the-future",28,36.00
"Bandit Kings of Ancient China",1989,"https://www.mobygames.com/game/bandit-kings-of-ancient-china",26,70.00
"The Bard's Tale Trilogy",1989,"https://www.mobygames.com/game/bards-tale-trilogy",13,80.00
"Baseball Stars",1989,"https://www.mobygames.com/game/baseball-stars",19,76.00
"B.A.T.",1989,"https://www.mobygames.com/game/bat",21,76.00
"Batman",1989,"https://www.mobygames.com/game/batman__",36,72.00
"Batman: The Video Game",1990,"https://www.mobygames.com/game/batman-the-video-game_",59,80.00
"Battle Squadron",1989,"https://www.mobygames.com/game/battle-squadron",26,74.00
"Beach Volley",1989,"https://www.mobygames.com/game/beach-volley",13,70.00
"Black Gold",1989,"https://www.mobygames.com/game/black-gold",23,76.00
"Blazing Lazers",1989,"https://www.mobygames.com/game/blazing-lazers",14,78.00
"Blockout",1989,"https://www.mobygames.com/game/blockout",47,66.00
"Blood Money",1989,"https://www.mobygames.com/game/blood-money",45,76.00
"Bloodwych",1989,"https://www.mobygames.com/game/bloodwych",21,58.00
"Bonk's Adventure",1989,"https://www.mobygames.com/game/bonks-adventure",52,78.00
"Budokan: The Martial Spirit",1989,"https://www.mobygames.com/game/budokan-the-martial-spirit",71,66.00
"The Bugs Bunny Crazy Castle",1989,"https://www.mobygames.com/game/bugs-bunny-crazy-castle_",19,64.00
"The Bugs Bunny Crazy Castle",1990,"https://www.mobygames.com/game/bugs-bunny-crazy-castle",13,68.00
"Buster Bros.",1989,"https://www.mobygames.com/game/buster-bros",42,74.00
"Cadash",1989,"https://www.mobygames.com/game/cadash",21,72.00
"Captain Skyhawk",1989,"https://www.mobygames.com/game/captain-skyhawk",14,62.00
"Castlevania III: Dracula's Curse",1989,"https://www.mobygames.com/game/castlevania-iii-draculas-curse-",75,80.00
"Castlevania: The Adventure",1989,"https://www.mobygames.com/game/castlevania-the-adventure",36,70.00
"CD-Man Version 2.0",1989,"https://www.mobygames.com/game/cd-man-version-20",17,66.00
"Chamber of the Sci-Mutant Priestess",1989,"https://www.mobygames.com/game/chamber-of-the-sci-mutant-priestess",30,70.00
"Chip's Challenge",1989,"https://www.mobygames.com/game/chips-challenge",59,64.00
"Chuck Yeager's Advanced Flight Trainer 2.0",1989,"https://www.mobygames.com/game/chuck-yeagers-advanced-flight-trainer-20",11,84.00
"Cobra Triangle",1989,"https://www.mobygames.com/game/cobra-triangle",17,64.00
"Code-Name: Iceman",1989,"https://www.mobygames.com/game/code-name-iceman",44,68.00
"The Colonel's Bequest",1989,"https://www.mobygames.com/game/colonels-bequest",73,74.00
"Continental Circus",1989,"https://www.mobygames.com/game/continental-circus",10,60.00
"Crack Down",1989,"https://www.mobygames.com/game/crack-down",26,62.00
"Curse of the Azure Bonds",1989,"https://www.mobygames.com/game/curse-of-the-azure-bonds",50,74.00
"The Cycles: International Grand Prix Racing",1989,"https://www.mobygames.com/game/cycles-international-grand-prix-racing",19,62.00
"The Dark Heart of Uukrul",1989,"https://www.mobygames.com/game/dark-heart-of-uukrul",21,76.00
"David Wolf: Secret Agent",1989,"https://www.mobygames.com/game/david-wolf-secret-agent",11,72.00
"Deathtrack",1989,"https://www.mobygames.com/game/deathtrack",45,74.00
"Destiny of an Emperor",1990,"https://www.mobygames.com/game/destiny-of-an-emperor",11,66.00
"Disney's DuckTales",1989,"https://www.mobygames.com/game/disneys-ducktales",98,78.00
"Dogs of War",1989,"https://www.mobygames.com/game/dogs-of-war_",16,74.00
"Double Dragon II: The Revenge",1989,"https://www.mobygames.com/game/double-dragon-ii-the-revenge_",45,78.00
"Dragon's Lair",1989,"https://www.mobygames.com/game/dragons-lair__",19,60.00
"Dragons of Flame",1989,"https://www.mobygames.com/game/dragons-of-flame",14,68.00
"Dragon Wars",1989,"https://www.mobygames.com/game/dragon-wars",46,74.00
"Drakkhen",1989,"https://www.mobygames.com/game/drakkhen",26,64.00
"The Duel: Test Drive II",1989,"https://www.mobygames.com/game/duel-test-drive-ii",85,64.00
"Dungeon Master: Chaos Strikes Back - Expansion Set #1",1989,"https://www.mobygames.com/game/dungeon-master-chaos-strikes-back-expansion-set-1",11,80.00
"Dynamite Düx",1989,"https://www.mobygames.com/game/dynamite-dx",13,54.00
"Earth Bound",1989,"https://www.mobygames.com/game/earth-bound",15,76.00
"Emmanuelle: A Game of Eroticism",1989,"https://www.mobygames.com/game/emmanuelle-a-game-of-eroticism",40,40.00
"Escape from the Planet of the Robot Monsters",1989,"https://www.mobygames.com/game/escape-from-the-planet-of-the-robot-monsters",10,56.00
"ESWAT: Cyber Police",1989,"https://www.mobygames.com/game/eswat-cyber-police",20,60.00
"F-15 Strike Eagle II",1989,"https://www.mobygames.com/game/f-15-strike-eagle-ii",26,68.00
"F-16 Combat Pilot",1989,"https://www.mobygames.com/game/f-16-combat-pilot",22,74.00
"F29 Retaliator",1989,"https://www.mobygames.com/game/f29-retaliator",28,78.00
"Fantasy World Dizzy",1989,"https://www.mobygames.com/game/fantasy-world-dizzy",13,70.00
"Fast Food",1989,"https://www.mobygames.com/game/fast-food",23,72.00
"Fester's Quest",1989,"https://www.mobygames.com/game/festers-quest",36,66.00
"The Final Fantasy Legend",1989,"https://www.mobygames.com/game/final-fantasy-legend",20,68.00
"Final Fight",1989,"https://www.mobygames.com/game/final-fight",127,76.00
"Fire Hawk: Thexder - The Second Contact",1989,"https://www.mobygames.com/game/fire-hawk-thexder-the-second-contact",16,76.00
"Friday the 13th",1989,"https://www.mobygames.com/game/friday-the-13th",32,52.00
"Future Wars: Adventures in Time",1989,"https://www.mobygames.com/game/future-wars-adventures-in-time",66,68.00
"Ghostbusters II",1989,"https://www.mobygames.com/game/ghostbusters-ii___",11,52.00
"Ghostbusters II",1989,"https://www.mobygames.com/game/ghostbusters-ii",24,60.00
"Golden Axe",1989,"https://www.mobygames.com/game/golden-axe",267,72.00
"Gradius III",1989,"https://www.mobygames.com/game/gradius-iii",26,72.00
"Hard Drivin'",1989,"https://www.mobygames.com/game/hard-drivin",60,52.00
"Hellfire",1989,"https://www.mobygames.com/game/hellfire-",16,76.00
"Helter Skelter",1989,"https://www.mobygames.com/game/helter-skelter",11,52.00
"Hero's Quest: So You Want to Be a Hero",1989,"https://www.mobygames.com/game/heros-quest-so-you-want-to-be-a-hero",139,80.00
"Herzog Zwei",1989,"https://www.mobygames.com/game/herzog-zwei",24,76.00
"Hillsfar",1989,"https://www.mobygames.com/game/hillsfar",29,62.00
"Indiana Jones and the Last Crusade: The Action Game",1989,"https://www.mobygames.com/game/indiana-jones-and-the-last-crusade-the-action-game",115,52.00
"Indiana Jones and the Last Crusade: The Graphic Adventure",1989,"https://www.mobygames.com/game/indiana-jones-and-the-last-crusade-the-graphic-adventure",207,80.00
"Indianapolis 500: The Simulation",1989,"https://www.mobygames.com/game/indianapolis-500-the-simulation",68,72.00
"Insector X",1989,"https://www.mobygames.com/game/insector-x",11,58.00
"Iron Lord",1989,"https://www.mobygames.com/game/iron-lord",13,80.00
"IronSword: Wizards & Warriors II",1989,"https://www.mobygames.com/game/ironsword-wizards-warriors-ii",18,64.00
"It Came from the Desert",1989,"https://www.mobygames.com/game/it-came-from-the-desert",58,78.00
"Ivan 'Ironman' Stewart's Super Off Road",1989,"https://www.mobygames.com/game/ivan-ironman-stewarts-super-off-road",79,68.00
"James Clavell's Shogun",1989,"https://www.mobygames.com/game/james-clavells-shogun",19,70.00
"Journey: The Quest Begins",1989,"https://www.mobygames.com/game/journey-the-quest-begins",13,76.00
"J.R.R. Tolkien's War in Middle Earth",1989,"https://www.mobygames.com/game/jrr-tolkiens-war-in-middle-earth",25,68.00
"Keef the Thief: A Boy and His Lockpick",1989,"https://www.mobygames.com/game/keef-the-thief-a-boy-and-his-lockpick",15,58.00
"Kick Off",1989,"https://www.mobygames.com/game/kick-off",31,74.00
"Kings of the Beach",1989,"https://www.mobygames.com/game/kings-of-the-beach",27,72.00
"Knights of Legend",1989,"https://www.mobygames.com/game/knights-of-legend",15,62.00
"Krypton Egg",1989,"https://www.mobygames.com/game/krypton-egg",11,74.00
"Kwirk",1990,"https://www.mobygames.com/game/kwirk",11,66.00
"Lakers versus Celtics and the NBA Playoffs",1989,"https://www.mobygames.com/game/lakers-versus-celtics-and-the-nba-playoffs",29,70.00
"Last Battle",1989,"https://www.mobygames.com/game/last-battle-",30,46.00
"Leisure Suit Larry III: Passionate Patti in Pursuit of the Pulsating Pectorals",1989,"https://www.mobygames.com/game/leisure-suit-larry-iii-passionate-patti-in-pursuit-of-the-pulsat",85,76.00
"M1 Tank Platoon",1989,"https://www.mobygames.com/game/m1-tank-platoon",23,78.00
"The Magic Candle: Volume 1",1989,"https://www.mobygames.com/game/magic-candle-volume-1",11,86.00
"Manhunter 2: San Francisco",1989,"https://www.mobygames.com/game/manhunter-2-san-francisco",44,70.00
"Mean Streets",1989,"https://www.mobygames.com/game/mean-streets",58,80.00
"MechWarrior",1989,"https://www.mobygames.com/game/mechwarrior",27,74.00
"Midnight Resistance",1989,"https://www.mobygames.com/game/midnight-resistance",21,70.00
"Midwinter",1989,"https://www.mobygames.com/game/midwinter",33,76.00
"Millennium: Return to Earth",1989,"https://www.mobygames.com/game/millennium-return-to-earth-",26,76.00
"Monster Party",1989,"https://www.mobygames.com/game/monster-party",14,64.00
"Moonwalker",1989,"https://www.mobygames.com/game/moonwalker",21,48.00
"Myth",1989,"https://www.mobygames.com/game/myth",14,78.00
"Myth: History in the Making",1989,"https://www.mobygames.com/game/myth-history-in-the-making",26,66.00
"NARC",1989,"https://www.mobygames.com/game/narc",43,60.00
"Nastar Warrior",1989,"https://www.mobygames.com/game/nastar-warrior",15,56.00
"Ninja Gaiden",1989,"https://www.mobygames.com/game/ninja-gaiden____",30,54.00
"North & South",1989,"https://www.mobygames.com/game/north-south",93,68.00
"Nuclear War",1989,"https://www.mobygames.com/game/nuclear-war",39,74.00
"Persian Gulf Inferno",1989,"https://www.mobygames.com/game/persian-gulf-inferno",12,60.00
"Phantasy Star II",1989,"https://www.mobygames.com/game/phantasy-star-ii",57,76.00
"Pipe Dream",1989,"https://www.mobygames.com/game/pipe-dream",58,74.00
"Populous",1989,"https://www.mobygames.com/game/populous",178,76.00
"Postman Pat",1989,"https://www.mobygames.com/game/postman-pat",11,60.00
"Prince of Persia",1989,"https://www.mobygames.com/game/prince-of-persia",509,82.00
"Project Firestart",1989,"https://www.mobygames.com/game/project-firestart",17,82.00
"Psycho Fox",1989,"https://www.mobygames.com/game/psycho-fox",16,72.00
"Quarth",1989,"https://www.mobygames.com/game/quarth",11,80.00
"Rambo III",1989,"https://www.mobygames.com/game/rambo-iii_",16,64.00
"The Revenge of Shinobi",1989,"https://www.mobygames.com/game/revenge-of-shinobi",67,76.00
"Rick Dangerous",1989,"https://www.mobygames.com/game/rick-dangerous",52,66.00
"River City Ransom",1989,"https://www.mobygames.com/game/river-city-ransom",80,82.00
"RoboCop",1989,"https://www.mobygames.com/game/robocop______",31,64.00
"Rockstar!",1989,"https://www.mobygames.com/game/rockstar",18,82.00
"Romance of the Three Kingdoms II",1989,"https://www.mobygames.com/game/romance-of-the-three-kingdoms-ii",21,74.00
"Sagaia",1989,"https://www.mobygames.com/game/sagaia",19,66.00
"Saint Dragon",1989,"https://www.mobygames.com/game/saint-dragon",11,72.00
"Satan",1989,"https://www.mobygames.com/game/satan",33,64.00
"S.C.I.: Special Criminal Investigation",1989,"https://www.mobygames.com/game/sci-special-criminal-investigation",31,70.00
"Shadow Dancer",1989,"https://www.mobygames.com/game/shadow-dancer",46,70.00
"Shadow of the Beast",1989,"https://www.mobygames.com/game/shadow-of-the-beast",120,66.00
"SimCity",1989,"https://www.mobygames.com/game/simcity",268,76.00
"Space Quest III: The Pirates of Pestulon",1989,"https://www.mobygames.com/game/space-quest-iii-the-pirates-of-pestulon",106,80.00
"Space Rogue",1989,"https://www.mobygames.com/game/space-rogue",18,76.00
"Starflight 2: Trade Routes of the Cloud Nebula",1989,"https://www.mobygames.com/game/starflight-2-trade-routes-of-the-cloud-nebula",51,76.00
"Stormlord",1989,"https://www.mobygames.com/game/stormlord",37,56.00
"Street Rod",1989,"https://www.mobygames.com/game/street-rod",33,76.00
"Strider",1989,"https://www.mobygames.com/game/strider",62,70.00
"Stryx",1989,"https://www.mobygames.com/game/stryx",16,46.00
"S.T.U.N. Runner",1989,"https://www.mobygames.com/game/stun-runner",22,62.00
"Stunt Track Racer",1989,"https://www.mobygames.com/game/stunt-track-racer",64,66.00
"Superman: The Man of Steel",1989,"https://www.mobygames.com/game/superman-the-man-of-steel__",12,66.00
"Super Mario Land",1989,"https://www.mobygames.com/game/super-mario-land",124,76.00
"Super Monaco GP",1989,"https://www.mobygames.com/game/super-monaco-gp",39,72.00
"Sweet Home",1989,"https://www.mobygames.com/game/sweet-home",12,82.00
"Sword of Aragon",1989,"https://www.mobygames.com/game/sword-of-aragon",16,74.00
"Sword of Sodan",1989,"https://www.mobygames.com/game/sword-of-sodan",23,46.00
"Sword of the Samurai",1989,"https://www.mobygames.com/game/sword-of-the-samurai",37,78.00
"Sword of Vermilion",1989,"https://www.mobygames.com/game/sword-of-vermilion",24,72.00
"Taboo: The Sixth Sense",1989,"https://www.mobygames.com/game/taboo-the-sixth-sense",14,26.00
"Tecmo World Wrestling",1990,"https://www.mobygames.com/game/tecmo-world-wrestling",12,78.00
"Teenage Mutant Ninja Turtles",1989,"https://www.mobygames.com/game/teenage-mutant-ninja-turtles__",122,76.00
"Teenage Mutant Ninja Turtles",1989,"https://www.mobygames.com/game/teenage-mutant-ninja-turtles",125,66.00
"Tetris",1989,"https://www.mobygames.com/game/tetris_gb",151,82.00
"Tetris",1989,"https://www.mobygames.com/game/tetris_nes",56,82.00
"Their Finest Hour: The Battle of Britain",1989,"https://www.mobygames.com/game/their-finest-hour-the-battle-of-britain",26,74.00
"Tintin on the Moon",1989,"https://www.mobygames.com/game/tintin-on-the-moon",18,74.00
"Toki",1989,"https://www.mobygames.com/game/toki",15,74.00
"Tongue of the Fatman",1989,"https://www.mobygames.com/game/tongue-of-the-fatman",20,68.00
"Top Gun: The Second Mission",1990,"https://www.mobygames.com/game/top-gun-the-second-mission",12,52.00
"Tunnels of Armageddon",1989,"https://www.mobygames.com/game/tunnels-of-armageddon",11,70.00
"Turbo Out Run",1989,"https://www.mobygames.com/game/turbo-out-run",35,78.00
"TV Sports: Basketball",1989,"https://www.mobygames.com/game/tv-sports-basketball",12,66.00
"Ultima Trilogy: I ♦ II ♦ III",1989,"https://www.mobygames.com/game/ultima-trilogy-i-ii-iii",15,86.00
"The Uncanny X-Men",1989,"https://www.mobygames.com/game/uncanny-x-men",26,22.00
"U.N. Squadron",1989,"https://www.mobygames.com/game/un-squadron",48,76.00
"Vette!",1989,"https://www.mobygames.com/game/vette",11,62.00
"Volfied",1989,"https://www.mobygames.com/game/volfied",33,76.00
"War of the Lance",1989,"https://www.mobygames.com/game/war-of-the-lance",13,76.00
"Welltris",1989,"https://www.mobygames.com/game/welltris",42,78.00
"Where in Time Is Carmen Sandiego?",1989,"https://www.mobygames.com/game/where-in-time-is-carmen-sandiego",34,62.00
"Who Framed Roger Rabbit",1989,"https://www.mobygames.com/game/who-framed-roger-rabbit-",18,64.00
"Willow",1989,"https://www.mobygames.com/game/willow-",16,64.00
"Wonder Boy III: The Dragon's Trap",1989,"https://www.mobygames.com/game/wonder-boy-iii-the-dragons-trap",57,84.00
"World Championship Soccer",1989,"https://www.mobygames.com/game/world-championship-soccer",18,60.00
"WWF Wrestlemania",1989,"https://www.mobygames.com/game/wwf-wrestlemania",23,58.00
"Xenon 2: Megablast",1989,"https://www.mobygames.com/game/xenon-2-megablast",115,72.00
"Ys: Book I & II",1989,"https://www.mobygames.com/game/ys-book-i-ii",23,84.00
"Ys III: Wanderers from Ys",1989,"https://www.mobygames.com/game/ys-iii-wanderers-from-ys",46,82.00
"Zero Wing",1989,"https://www.mobygames.com/game/zero-wing",15,66.00
"Zork Zero: The Revenge of Megaboz",1989,"https://www.mobygames.com/game/zork-zero-the-revenge-of-megaboz",21,68.00